Date,Close,High,Low,Open,Volume,Predicted Opening Price
01/01/2020,1227.428589,1228.772582,1219.74876,1225.028642,1836849,
02/01/2020,1235.252441,1236.452415,1227.812607,1227.812607,3068583,
03/01/2020,1217.636841,1233.572462,1213.028897,1230.884475,5427775,
06/01/2020,1191.2854,1211.301048,1186.533553,1209.57304,5445093,
07/01/2020,1210.148926,1220.56467,1202.133128,1208.517009,7362247,
08/01/2020,1206.980957,1211.636829,1190.421329,1197.045086,5666055,
09/01/2020,1220.516724,1224.740653,1212.548855,1214.372838,4773158,
10/01/2020,1231.364502,1235.396482,1224.068688,1232.708495,4607290,
13/01/2020,1234.532471,1244.612246,1224.932685,1231.364494,3725784,
14/01/2020,1237.892334,1240.820315,1226.372591,1237.412345,3943145,
15/01/2020,1232.852417,1236.404291,1223.108612,1234.916394,5893724,
16/01/2020,1236.116333,1239.332238,1228.148465,1230.740477,3575200,
17/01/2020,1226.996704,1233.47656,1220.996838,1230.452604,8459407,
20/01/2020,1204.677124,1252.628006,1202.373152,1252.628006,11089225,
21/01/2020,1194.549316,1199.973219,1188.837491,1199.973219,7492402,
22/01/2020,1191.189331,1204.773051,1184.997516,1198.101247,9184155,
23/01/2020,1195.029297,1196.949254,1181.733617,1190.373424,5754460,
24/01/2020,1194.741211,1203.81296,1189.509258,1196.133133,5915878,
27/01/2020,1164.645874,1185.573452,1163.253952,1185.573452,9444276,
28/01/2020,1174.24585,1178.661845,1164.694109,1170.022037,6706079,
29/01/2020,1186.389648,1192.293541,1173.333962,1176.261944,6894175,
30/01/2020,1176.981812,1189.365442,1168.485907,1189.365442,6055992,
31/01/2020,1177.221802,1188.261556,1171.413884,1182.165598,5589134,
03/02/2020,1145.0625,1150.006296,1130.56673,1149.094363,6538505,
04/02/2020,1180.581665,1184.613528,1150.0543,1150.0543,10448852,
05/02/2020,1194.83728,1198.053185,1178.181677,1185.47749,9010341,
06/02/2020,1190.181519,1198.725234,1187.68548,1194.837391,5913775,
07/02/2020,1192.485352,1197.093296,1182.309602,1196.133317,3407724,
10/02/2020,1190.661377,1193.205226,1176.981683,1193.205226,4609917,
11/02/2020,1190.949341,1204.773055,1188.501466,1193.541353,5806760,
12/02/2020,1199.013184,1202.757123,1194.261337,1195.365218,3148965,
13/02/2020,1191.717529,1209.477134,1184.229649,1209.477134,4556070,
14/02/2020,1170.549805,1198.437228,1166.373921,1193.445269,7344429,
17/02/2020,1168.437988,1183.653626,1165.845976,1175.973797,5076345,
18/02/2020,1164.694092,1169.73398,1155.3343,1168.198037,5264558,
19/02/2020,1178.085693,1180.77368,1165.318048,1173.573841,5006134,
20/02/2020,1168.390015,1180.773763,1165.510079,1180.773763,5561707,
24/02/2020,1161.526001,1166.133945,1151.974261,1160.566022,8284042,
25/02/2020,1152.262329,1160.614096,1150.054332,1155.814203,6943340,
26/02/2020,1151.254272,1156.486109,1138.198588,1149.57431,6907393,
27/02/2020,1151.446289,1154.374271,1133.734731,1147.174431,10327549,
28/02/2020,1130.518677,1137.574495,1123.270792,1128.4547,12156528,
02/03/2020,1132.390625,1153.078209,1119.478961,1152.166159,7332449,
03/03/2020,1134.502686,1137.910539,1121.254935,1127.974785,11184775,
04/03/2020,1102.87146,1132.774819,1087.751796,1131.19083,17144435,
05/03/2020,1105.271362,1118.375094,1097.01557,1106.85535,9774854,
06/03/2020,1089.479614,1095.239485,1056.93632,1079.975804,11526783,
09/03/2020,1062.984375,1073.640114,1022.377232,1065.57627,17210295,
11/03/2020,1069.224243,1075.176064,1048.296662,1060.776384,17769120,
12/03/2020,980.4260864,1036.776839,963.2904927,1031.976947,29500385,
13/03/2020,1026.985107,1038.168764,882.4123015,940.8269733,33171182,
16/03/2020,959.4986572,995.4978565,955.1787533,993.5778992,15993161,
17/03/2020,936.0751343,969.5784117,916.4916055,967.6584545,21338419,
18/03/2020,841.8052979,953.2587952,830.3815285,945.578966,30590703,
19/03/2020,859.7088013,883.1323019,763.1829673,813.1018532,33610024,
20/03/2020,847.5170898,877.9964106,791.5503488,839.9812812,44318732,
23/03/2020,740.6715088,805.1820852,734.3836604,762.7990047,25138477,
24/03/2020,736.9755859,777.5826692,709.1841936,763.4229848,30528636,
25/03/2020,822.4616699,832.7334527,725.0238415,739.615528,23614021,
26/03/2020,865.0366821,900.1719336,807.3419924,835.2773459,28521578,
27/03/2020,868.2526855,949.0828981,837.1973416,907.1318201,27617968,
30/03/2020,798.366272,851.5010671,794.8623264,844.7812165,19634222,
31/03/2020,827.4055786,838.6372814,804.4620666,819.6297168,17605546,
01/04/2020,796.446228,829.2774476,787.1824116,829.2774476,14551752,
03/04/2020,781.2785034,810.2218795,777.5826095,809.261901,17498140,
07/04/2020,860.2368774,870.9886504,811.5179591,839.0213719,30206319,
08/04/2020,853.3250122,907.1797889,831.437453,844.7331919,28109676,
09/04/2020,888.0281982,893.6441082,854.3809598,876.4604678,22228573,
13/04/2020,859.5167847,908.8117191,850.733016,896.6199796,17079028,
15/04/2020,828.7494507,893.2600194,809.2618983,893.2600194,28989376,
16/04/2020,844.5411377,855.0529146,821.9816415,830.3814539,26927198,
17/04/2020,873.8685303,883.1803347,851.7410347,878.3804415,27941731,
20/04/2020,907.0357056,922.4913953,897.5799403,912.9395971,33116493,
21/04/2020,884.7642212,896.6199324,871.660491,887.9801258,16589003,
22/04/2020,891.4360352,895.6599641,870.9885043,882.364285,19144677,
23/04/2020,916.7315674,920.1394797,876.0284517,897.5799828,20450611,
24/04/2020,900.5079346,920.0435347,888.9402039,895.6600542,16642284,
27/04/2020,892.4921265,919.0835457,889.2281758,907.3238077,13710536,
28/04/2020,894.1240845,906.0277839,885.1002623,906.0277839,14720718,
29/04/2020,937.9950562,952.9707573,896.7159768,897.579981,27938889,
30/04/2020,961.706543,978.2181865,952.3947389,961.3225867,21896567,
04/05/2020,886.0602417,921.5794497,880.7803594,919.1795032,13361162,
05/05/2020,874.9725342,906.2198269,871.7085834,900.4599551,14836429,
06/05/2020,908.5238037,911.9797034,869.4046743,882.2203657,16892923,
07/05/2020,887.9801636,905.5477594,884.4762184,902.8598312,10915865,
08/05/2020,891.8681641,906.1718696,888.1722697,904.2998995,10403742,
11/05/2020,879.1484375,915.8196337,877.4204876,899.4999966,14275392,
12/05/2020,865.468689,873.0045561,836.2373291,864.9407125,24784209,
13/05/2020,890.5241699,921.5794541,885.1962418,912.9396467,22173483,
14/05/2020,857.9328613,874.5404789,854.3809289,862.0607575,19777445,
15/05/2020,852.6050415,856.6849507,839.9812991,854.8609678,12174814,
18/05/2020,803.1660767,852.4609517,798.0301563,852.4609517,23324982,
19/05/2020,797.40625,832.5894306,793.0383005,826.3975569,23730346,
20/05/2020,822.7976074,829.421483,798.8941762,802.9740851,20007153,
21/05/2020,825.1496582,848.6211485,818.1898128,826.9736411,24239454,
22/05/2020,805.2780151,835.4693534,799.710151,815.9817998,21023716,
26/05/2020,818.2857666,836.8613287,814.7818213,822.7016446,19002576,
27/05/2020,867.4846802,873.3885134,822.8456755,825.4856167,28012877,
28/05/2020,907.4197388,911.979637,877.3724214,883.18028,37744403,
29/05/2020,913.5636597,916.7795645,886.4922514,906.2197999,26512583,
01/06/2020,948.1228638,955.1786829,927.4352786,935.9791113,19595115,
02/06/2020,960.9385376,964.7784518,936.1711025,947.2108559,20811797,
03/06/2020,981.3380737,1004.377559,974.8102313,979.178122,25273044,
04/06/2020,961.6105347,997.3696774,951.4347268,986.9060049,27137941,
05/06/2020,991.9938965,1000.68175,962.666561,962.9545429,17597992,
08/06/2020,975.2423096,1023.961225,966.1225126,1017.577344,24906332,
09/06/2020,947.7868042,985.6579695,940.3469705,979.1781143,30922073,
10/06/2020,952.1547241,959.8345527,939.0510518,950.3787872,18248865,
11/06/2020,929.8352051,948.8428273,926.3793057,945.5788768,15448857,
12/06/2020,943.4190063,947.1629465,890.8601759,890.8601759,21322438,
15/06/2020,911.8356934,935.0192011,905.2598631,929.2593292,16004968,
16/06/2020,950.7628174,954.1707297,913.8996162,935.9791237,22699985,
17/06/2020,940.059021,958.9226235,934.2991495,949.4188121,18478919,
18/06/2020,979.130188,983.8820938,933.0992022,940.7790311,20435063,
19/06/2020,991.9938965,1001.257714,971.6423963,977.2102607,23938876,
22/06/2020,987.5780029,1004.089588,982.8260971,997.8497273,14847237,
23/06/2020,1000.585632,1003.177527,975.8661275,997.4176564,14415256,
24/06/2020,991.1779785,1015.177445,988.8260776,1006.537637,19714623,
25/06/2020,987.5780029,1007.01757,966.698468,981.0021728,35323395,
26/06/2020,1014.169312,1020.457218,986.8579681,999.3376895,19984569,
29/06/2020,1032.984985,1039.272775,995.4977754,995.4977754,23002978,
30/06/2020,1023.193176,1035.384975,1014.025451,1031.017025,17873065,
01/07/2020,1041.192627,1052.136405,1018.825199,1023.193031,17423359,
02/07/2020,1045.800781,1066.776292,1041.768801,1046.664785,18477248,
03/07/2020,1030.968994,1051.944621,1027.177125,1049.256634,13798627,
06/07/2020,1058.856323,1075.079984,1055.976388,1063.60817,17779108,
07/07/2020,1060.920288,1067.208077,1049.304571,1065.000197,12174925,
08/07/2020,1065.912231,1079.879967,1060.776369,1062.696327,15028175,
09/07/2020,1079.927856,1084.487755,1062.936282,1073.256052,10057242,
10/07/2020,1060.872314,1075.176019,1055.544504,1073.160087,8781489,
13/07/2020,1037.016968,1068.45627,1028.425205,1065.480359,14961057,
14/07/2020,1016.473267,1026.121098,1007.97748,1020.073186,13306337,
15/07/2020,1011.001526,1035.81695,1008.073544,1027.369091,10487197,
16/07/2020,1020.025391,1022.857281,992.7139269,1011.481557,11831228,
17/07/2020,1054.488403,1059.816331,1015.945358,1016.665342,14202869,
20/07/2020,1087.703613,1106.759162,1079.159782,1089.575524,32562048,
21/07/2020,1092.983521,1111.607009,1088.615572,1105.94323,23756211,
22/07/2020,1081.271851,1098.695485,1072.824109,1092.935614,12359006,
23/07/2020,1085.15979,1098.119501,1071.57607,1079.975882,10074561,
24/07/2020,1074.312012,1077.959977,1057.176417,1077.959977,9799220,
27/07/2020,1036.296875,1058.856372,1032.31294,1055.832416,18985047,
28/07/2020,1043.160767,1050.600601,1017.097324,1035.816907,17798225,
29/07/2020,1021.993042,1044.936551,1013.305307,1037.736712,16796043,
30/07/2020,1008.601563,1040.280857,1004.809577,1031.01704,13478133,
31/07/2020,991.4659424,1015.369316,979.2261567,1015.369316,18863348,
03/08/2020,961.8986206,985.8500414,953.2588126,984.8900627,15891771,
04/08/2020,999.961731,1018.585339,962.8585347,967.6584277,30153084,
05/08/2020,986.4259644,1013.545357,979.1780797,1006.009432,16610680,
06/08/2020,999.0496216,1012.777362,985.1779785,995.4977479,16823444,
07/08/2020,1002.073547,1005.289452,979.7540469,993.4337407,12418392,
10/08/2020,1008.601563,1021.417254,1002.025732,1002.217681,11086427,
11/08/2020,1023.961243,1028.137126,1006.537607,1006.537607,10068074,
12/08/2020,1021.129272,1023.33727,1006.057654,1022.377292,10333216,
13/08/2020,1016.665405,1028.473072,1014.217413,1025.209121,9946370,
14/08/2020,993.0498047,1023.241202,986.1860515,1023.241202,10462256,
17/08/2020,991.4178467,1005.097541,979.3701276,1005.097541,9780506,
18/08/2020,1014.217407,1019.161321,981.098145,986.8580167,12020412,
19/08/2020,1023.913086,1026.985088,1013.977331,1022.377144,8857812,
20/08/2020,1016.617249,1026.168988,1009.897399,1012.729289,9608367,
21/08/2020,1042.200806,1045.224762,1021.993209,1022.761239,14462151,
24/08/2020,1072.344116,1078.007896,1042.200765,1042.536735,18389870,
25/08/2020,1074.888062,1081.895953,1061.92835,1074.216123,13800869,
26/08/2020,1073.687988,1086.45575,1065.096227,1076.135981,12595031,
27/08/2020,1067.592041,1084.679705,1061.97619,1080.743816,10322998,
28/08/2020,1069.89624,1079.976016,1051.176656,1067.448248,19348305,
31/08/2020,1071.192139,1102.823505,1056.648439,1084.295871,19250583,
01/09/2020,1082.183838,1097.831418,1063.656205,1082.855776,14438942,
02/09/2020,1088.759766,1093.415638,1075.847983,1079.111934,9880841,
03/09/2020,1085.639893,1100.087501,1082.855931,1091.735734,9916681,
04/09/2020,1074.504028,1080.359874,1060.200325,1065.576181,11830685,
07/09/2020,1066.056274,1074.696082,1055.01652,1071.624197,8807733,
08/09/2020,1067.928223,1074.024181,1058.856471,1069.416236,7312459,
09/09/2020,1052.616455,1065.576165,1047.576568,1056.936358,7864436,
10/09/2020,1046.904785,1060.63241,1040.616878,1058.856473,7594044,
11/09/2020,1035.480957,1060.63235,1028.137097,1052.568506,10397365,
14/09/2020,1015.609253,1050.216526,1010.233397,1044.456655,10825295,
15/09/2020,1027.656982,1033.080884,1015.753226,1025.257036,8252555,
16/09/2020,1049.880615,1052.136541,1025.59311,1027.369047,9355056,
17/09/2020,1040.232788,1050.216589,1034.856931,1040.616803,9159343,
18/09/2020,1014.985352,1048.488509,1005.289475,1048.29656,11740889,
21/09/2020,1007.305603,1028.473061,999.817723,1012.777434,9921439,
22/09/2020,993.961853,1015.801366,988.2979559,1011.865477,9310339,
23/09/2020,1005.337524,1012.777358,992.9537778,1004.137551,8039914,
24/09/2020,989.1619263,1005.097547,983.9780186,996.4577398,9904755,
25/09/2020,1002.217651,1009.849434,984.6020676,1007.977523,10160772,
28/09/2020,1012.009338,1016.617282,1000.921656,1006.969451,8076211,
29/09/2020,1020.025391,1027.08121,1008.93759,1015.657441,6322223,
30/09/2020,1035.432861,1043.40073,1009.897455,1017.577283,9406921,
01/10/2020,1062.648193,1065.576175,1046.472578,1046.472578,10601540,
05/10/2020,1069.752075,1086.69572,1066.53617,1067.496149,8470063,
06/10/2020,1098.311523,1102.055464,1081.127883,1089.623787,9685995,
07/10/2020,1115.735229,1118.231151,1092.071731,1099.079623,10624389,
08/10/2020,1144.102539,1154.854252,1116.791078,1132.774745,17530337,
09/10/2020,1184.181641,1187.49352,1143.958514,1152.934291,22486194,
12/10/2020,1165.078125,1193.013481,1157.35025,1182.261766,9610273,
13/10/2020,1150.486206,1173.52569,1147.174327,1164.837955,9176976,
14/10/2020,1163.014038,1165.702025,1128.45481,1147.702427,11291459,
15/10/2020,1122.454956,1168.293933,1117.415069,1165.605946,14123448,
16/10/2020,1151.350342,1155.334277,1126.054928,1132.774779,12911424,
19/10/2020,1155.382324,1185.573605,1144.870488,1185.573605,21179778,
20/10/2020,1174.96582,1178.277817,1157.638276,1159.174218,13705989,
21/10/2020,1196.805176,1200.93313,1172.805713,1181.349545,17820376,
22/10/2020,1183.941528,1199.973122,1174.053703,1190.325292,10956530,
23/10/2020,1186.341553,1198.485188,1181.925558,1193.733341,7933115,
26/10/2020,1162.43811,1192.293421,1156.390198,1180.581729,9785988,
27/10/2020,1183.749512,1186.533473,1149.910268,1176.933688,12158890,
28/10/2020,1161.190063,1182.693607,1153.41426,1178.853693,8285593,
29/10/2020,1139.686523,1156.246154,1131.334757,1152.55026,11530012,
30/10/2020,1136.182617,1151.302279,1129.270702,1135.222639,5761358,
02/11/2020,1166.614014,1175.973805,1130.374821,1146.550437,10963040,
03/11/2020,1198.005249,1200.693236,1176.453776,1177.365709,14082115,
04/11/2020,1207.077026,1214.180891,1180.773591,1201.893119,11702411,
05/11/2020,1218.404785,1224.932686,1202.229169,1215.332901,10716964,
06/11/2020,1255.31604,1257.571966,1214.852919,1215.572903,17852862,
09/11/2020,1286.899292,1292.083082,1262.563742,1262.563742,13144220,
10/11/2020,1337.874146,1339.170093,1297.459072,1302.690908,20758678,
11/11/2020,1334.322266,1358.177829,1315.650728,1343.874123,18058097,
12/11/2020,1316.802612,1332.978346,1305.570909,1322.274561,13526974,
13/11/2020,1304.418945,1314.018731,1293.091151,1314.018731,11236240,
14/11/2020,1314.88269,1319.922578,1310.562787,1313.058825,917533,
17/11/2020,1352.081909,1356.065844,1325.346527,1330.338486,15529950,
18/11/2020,1352.321655,1362.209481,1343.057957,1346.849825,9431388,
19/11/2020,1319.34668,1343.442121,1313.250838,1334.082329,10133441,
20/11/2020,1347.473877,1352.033775,1310.418729,1317.714543,10202681,
23/11/2020,1338.786011,1366.673433,1320.306424,1358.369596,12623318,
24/11/2020,1380.641113,1387.169014,1345.937982,1351.649808,20077200,
25/11/2020,1346.657959,1405.792614,1341.090037,1393.216919,12076301,
26/11/2020,1369.553345,1374.689206,1331.490174,1358.369572,13971563,
27/11/2020,1383.185059,1388.128972,1358.897672,1374.497323,8997290,
01/12/2020,1375.937256,1391.008872,1368.449377,1383.185023,8573787,
02/12/2020,1350.641846,1374.497408,1338.978199,1373.729378,8946075,
03/12/2020,1322.082397,1374.689268,1319.058559,1371.809333,18966611,
04/12/2020,1330.146362,1345.362,1318.338696,1325.730484,13456161,
07/12/2020,1317.330688,1324.722477,1303.746967,1319.97063,12158159,
08/12/2020,1321.218628,1333.218361,1310.514843,1319.970609,9728948,
09/12/2020,1350.881836,1353.617869,1320.018618,1321.890529,11034537,
10/12/2020,1330.386353,1345.890031,1320.690592,1342.050116,9863983,
11/12/2020,1327.458374,1339.170065,1318.050537,1334.418218,10678192,
14/12/2020,1317.234619,1332.450256,1313.250685,1327.650363,8611025,
15/12/2020,1335.618286,1339.122114,1311.33078,1325.538511,10780718,
16/12/2020,1354.241699,1360.097662,1338.690094,1347.80989,8416046,
17/12/2020,1384.097168,1387.169053,1348.28992,1361.825595,10962239,
18/12/2020,1354.865723,1382.081092,1350.017901,1377.569239,11497959,
21/12/2020,1317.7146,1366.865455,1312.002657,1360.769615,11880912,
22/12/2020,1318.146606,1329.378426,1291.171231,1329.378426,11425779,
23/12/2020,1320.594482,1325.682298,1306.578819,1312.770634,7733697,
24/12/2020,1341.186035,1347.809911,1321.890489,1333.794247,7476094,
28/12/2020,1356.305664,1364.129513,1347.809877,1348.769856,5849597,
29/12/2020,1370.081421,1377.329306,1363.169622,1364.177646,7247673,
30/12/2020,1375.169434,1382.273299,1356.44985,1382.273299,8108363,
31/12/2020,1378.817261,1386.209049,1368.017502,1377.569242,11072875,
01/01/2021,1368.017578,1385.249147,1363.745603,1382.369212,4405469,
04/01/2021,1359.329712,1380.449241,1343.010076,1380.449241,7870096,
05/01/2021,1369.60144,1373.489401,1352.609866,1362.401601,7193412,
06/01/2021,1363.697632,1382.369169,1356.545721,1377.569276,11067025,
07/01/2021,1359.56958,1375.265205,1356.017706,1375.169231,9947421,
08/01/2021,1374.353394,1384.289149,1366.14553,1374.689363,6884382,
11/01/2021,1393.360718,1406.272499,1378.817138,1391.968796,8665696,
12/01/2021,1421.728394,1428.160204,1391.105051,1394.320956,10194078,
13/01/2021,1411.79248,1436.991917,1403.584617,1433.152003,8467325,
14/01/2021,1409.968628,1428.448217,1397.7289,1412.2726,6148583,
15/01/2021,1407.952637,1412.75253,1387.169077,1410.304537,7082618,
18/01/2021,1423.744141,1442.703717,1408.28851,1411.072471,21412816,
19/01/2021,1443.663818,1451.151698,1408.28863,1432.096146,8680127,
20/01/2021,1432.287964,1440.927771,1426.528093,1440.927771,6673026,
21/01/2021,1415.776489,1434.544001,1409.392608,1432.288074,13166527,
22/01/2021,1385.7771,1409.152554,1382.513149,1409.152554,7696182,
25/01/2021,1404.304688,1421.728323,1396.912899,1406.464639,10172359,
27/01/2021,1353.185913,1412.992631,1349.874034,1409.248691,11778138,
28/01/2021,1316.5625,1345.217953,1288.291179,1334.274174,21352223,
29/01/2021,1334.850342,1352.369953,1309.890896,1335.6663,14352251,
01/02/2021,1417.648315,1423.168192,1344.929941,1353.809742,13185272,
02/02/2021,1498.094604,1515.326173,1437.471934,1440.927834,21210103,
03/02/2021,1511.774414,1518.398173,1480.287068,1515.806277,10118627,
04/02/2021,1515.902222,1524.446055,1481.67896,1503.326525,12242342,
05/02/2021,1533.661743,1553.485324,1486.046829,1486.046829,13527358,
08/02/2021,1541.005737,1566.349197,1531.837894,1555.165422,8723790,
09/02/2021,1547.341553,1562.845231,1523.198066,1545.565616,9210683,
10/02/2021,1518.446045,1550.221311,1504.286362,1543.98145,9894003,
11/02/2021,1509.422363,1533.85389,1501.598514,1518.68618,6824309,
12/02/2021,1518.638184,1528.766005,1510.046422,1510.910426,4955053,
15/02/2021,1551.901367,1559.965211,1532.79777,1536.06172,5177622,
16/02/2021,1561.549194,1575.324864,1544.077514,1556.317241,6948679,
17/02/2021,1523.005981,1556.893271,1519.646056,1555.165263,6397213,
18/02/2021,1492.094727,1541.677526,1486.046815,1541.677526,7360280,
19/02/2021,1477.50293,1501.598367,1471.647084,1483.166826,8569754,
22/02/2021,1486.046753,1510.91022,1477.83889,1483.214863,14725919,
23/02/2021,1467.951172,1495.358488,1461.711312,1491.56662,9119953,
24/02/2021,1542.157593,1549.357432,1455.567569,1465.40735,7157166,
25/02/2021,1542.109497,1570.764832,1537.885568,1545.325402,10054785,
26/02/2021,1472.991211,1525.310045,1460.127474,1523.534108,13956423,
01/03/2021,1496.51062,1509.614351,1479.03894,1501.406487,6768009,
02/03/2021,1505.438354,1523.965988,1488.92677,1512.638194,8055019,
03/03/2021,1523.342041,1532.125869,1502.366532,1520.606125,5611205,
04/03/2021,1489.934692,1508.126238,1477.5029,1486.574768,8145719,
05/03/2021,1468.767212,1483.742854,1460.223379,1469.72719,8722911,
08/03/2021,1458.687378,1492.766616,1451.967528,1480.286895,7558525,
09/03/2021,1499.966675,1503.03856,1476.687192,1483.167048,7533348,
10/03/2021,1493.486694,1511.966282,1490.030795,1509.086346,5527508,
12/03/2021,1489.838623,1535.965638,1473.61508,1535.965638,7815602,
15/03/2021,1467.471436,1486.431015,1454.655744,1486.431015,6115193,
16/03/2021,1451.631592,1478.750986,1449.567614,1469.63119,6861183,
17/03/2021,1435.504028,1477.407119,1430.560115,1463.247434,10532214,
18/03/2021,1431.328125,1461.135508,1421.872359,1451.247681,9032770,
19/03/2021,1437.567871,1450.71953,1415.056421,1425.568139,10617510,
22/03/2021,1410.352539,1435.071987,1401.952727,1435.071987,7007816,
23/03/2021,1440.111938,1447.119712,1410.304556,1411.16856,9880714,
24/03/2021,1419.616333,1446.159646,1412.128453,1431.23205,8184450,
25/03/2021,1404.784546,1435.695925,1392.208851,1430.559946,11982178,
26/03/2021,1431.616211,1439.008,1415.008533,1434.208106,6010629,
30/03/2021,1491.518677,1500.014581,1441.455887,1446.351755,12803822,
31/03/2021,1433.87207,1486.046884,1428.448168,1486.046884,15387253,
01/04/2021,1427.248291,1439.392045,1406.368755,1439.392045,17881881,
05/04/2021,1391.584839,1425.568102,1373.729262,1420.768209,8003293,
06/04/2021,1382.609253,1404.112798,1375.313439,1401.568831,7537867,
07/04/2021,1389.280884,1398.40068,1364.657528,1381.697147,12544090,
08/04/2021,1375.457275,1402.432648,1373.249278,1394.848795,8806796,
09/04/2021,1364.849487,1375.457297,1358.465607,1368.929396,14078908,
12/04/2021,1312.338867,1343.010138,1298.85112,1337.250266,11274564,
13/04/2021,1344.306152,1350.161999,1306.531014,1313.250865,9300341,
15/04/2021,1372.865356,1379.201192,1335.330217,1348.769917,17222492,
16/04/2021,1371.473267,1387.168891,1366.529354,1377.521061,7803263,
19/04/2021,1355.873779,1360.961595,1317.378661,1334.370236,12034621,
20/04/2021,1335.714111,1369.313359,1328.562201,1367.969366,11593135,
22/04/2021,1365.569458,1369.697413,1316.17861,1324.770371,19242656,
23/04/2021,1357.553833,1377.18535,1344.162061,1352.60992,11356764,
26/04/2021,1348.578003,1371.809438,1346.61,1356.449781,15085476,
27/04/2021,1381.121094,1384.28907,1348.577915,1350.929815,10296453,
28/04/2021,1417.696533,1419.808439,1373.729464,1378.769352,12051970,
29/04/2021,1413.568481,1443.471838,1402.528728,1426.720141,12039276,
30/04/2021,1355.777832,1395.616944,1351.169888,1387.169086,17616451,
03/05/2021,1357.841675,1364.993586,1322.178564,1337.250181,11236850,
04/05/2021,1332.786255,1366.049537,1327.938433,1353.521769,10743164,
05/05/2021,1346.465942,1353.185792,1326.402366,1344.93,7210806,
06/05/2021,1344.834106,1354.337918,1339.170209,1351.265916,5738522,
07/05/2021,1358.129517,1367.92125,1353.809614,1356.401509,6024167,
10/05/2021,1363.025635,1372.769441,1356.257856,1369.889505,5530025,
11/05/2021,1347.378052,1367.201517,1339.218233,1340.130166,7259517,
12/05/2021,1343.490112,1352.225895,1333.266316,1343.730107,6887463,
14/05/2021,1331.346191,1342.913979,1327.026288,1338.54603,5302071,
17/05/2021,1382.609253,1384.865179,1326.018558,1339.314239,7560346,
18/05/2021,1417.600342,1423.408259,1396.768853,1400.560722,11082640,
19/05/2021,1399.840698,1419.664279,1394.416913,1411.360441,5065458,
20/05/2021,1375.457275,1407.232541,1371.329321,1399.984656,5342092,
21/05/2021,1437.375977,1441.791855,1385.249093,1385.249093,9670823,
24/05/2021,1449.519531,1459.599306,1438.527824,1443.087722,11073051,
25/05/2021,1419.760132,1453.16743,1411.648361,1450.0475,9618487,
26/05/2021,1417.936401,1427.488141,1411.168506,1420.768291,6141995,
27/05/2021,1423.312134,1429.407974,1403.920498,1414.144292,10219748,
28/05/2021,1443.279663,1452.447505,1419.56824,1431.232003,8875010,
31/05/2021,1455.183472,1458.687417,1427.968103,1439.967835,7830527,
01/06/2021,1451.199585,1465.887304,1446.927727,1459.455495,5515081,
02/06/2021,1443.807739,1449.759559,1433.247975,1449.567611,5312008,
03/06/2021,1459.695435,1463.919246,1428.208091,1447.647657,5143630,
04/06/2021,1440.880005,1459.791656,1439.200042,1455.327731,4712238,
07/06/2021,1439.823853,1453.407573,1436.127958,1449.567659,4045834,
08/06/2021,1423.696289,1441.215898,1422.208275,1436.656,4936270,
09/06/2021,1421.056274,1441.887762,1413.136451,1424.512174,5111721,
10/06/2021,1421.776367,1429.40815,1414.672502,1422.784274,5741770,
11/06/2021,1426.864136,1436.655988,1421.77632,1431.32806,3602987,
14/06/2021,1420.240234,1426.528141,1404.01669,1419.088307,4440982,
15/06/2021,1430.608154,1436.128031,1415.776531,1426.528245,3784801,
16/06/2021,1425.184204,1434.208026,1418.944343,1428.448155,3851049,
17/06/2021,1407.424683,1419.568436,1401.568836,1407.328708,4641901,
18/06/2021,1420.576294,1430.368028,1396.768779,1410.688468,5969030,
21/06/2021,1429.119995,1432.096022,1400.60868,1402.864606,3630236,
22/06/2021,1424.41626,1447.647694,1420.768294,1437.08793,7183412,
23/06/2021,1426.048218,1437.856001,1419.424342,1430.368121,3922434,
24/06/2021,1445.967773,1452.879573,1428.448164,1430.368121,7392512,
25/06/2021,1454.463501,1461.087377,1446.687698,1450.623587,5191588,
28/06/2021,1447.983643,1462.047352,1444.767738,1459.167416,4678393,
29/06/2021,1448.176514,1454.105839,1438.63157,1452.948927,5485846,
30/06/2021,1444.175415,1454.877272,1440.511661,1444.271805,4839511,
01/07/2021,1433.425415,1448.12845,1429.809915,1448.12845,8455721,
02/07/2021,1427.302979,1435.835535,1424.024902,1431.737968,7413518,
05/07/2021,1441.813354,1450.538809,1431.304394,1436.51062,3686941,
06/07/2021,1479.655518,1484.765472,1442.343601,1443.307735,8834516,
07/07/2021,1484.283325,1489.923482,1472.906504,1478.980592,4814595,
08/07/2021,1465.916504,1482.547804,1459.16757,1470.303358,4210461,
09/07/2021,1448.128418,1461.626286,1443.789818,1458.300073,5347921,
12/07/2021,1433.66626,1448.12826,1430.77386,1448.12826,7229489,
13/07/2021,1447.983643,1452.081209,1430.870276,1442.439876,9089071,
14/07/2021,1445.380615,1453.286462,1437.619294,1443.789772,4894247,
15/07/2021,1466.157593,1471.990647,1445.862656,1451.020746,5219401,
16/07/2021,1467.748413,1475.075803,1464.32581,1473.147536,2585314,
19/07/2021,1418.240234,1435.449992,1413.419567,1433.666369,12555800,
20/07/2021,1391.389038,1401.849861,1384.640105,1390.280261,12087125,
22/07/2021,1396.73999,1415.829878,1393.172744,1403.874601,6603557,
23/07/2021,1391.003418,1405.176131,1383.820671,1399.439585,6563342,
26/07/2021,1383.097534,1392.208547,1376.878804,1378.71068,6583583,
27/07/2021,1388.110962,1397.896939,1384.591852,1384.591852,11200715,
28/07/2021,1366.466187,1387.098545,1353.643166,1383.579553,10335171,
29/07/2021,1367.38208,1378.662393,1362.609667,1377.023413,6851115,
30/07/2021,1375.288086,1380.39804,1357.451617,1368.105339,5827744,
02/08/2021,1371.624512,1383.531537,1365.454034,1383.531537,6629393,
03/08/2021,1383.242065,1388.255629,1359.428019,1359.428019,6016560,
04/08/2021,1412.744751,1421.614731,1388.352128,1389.316262,11026974,
05/08/2021,1431.593384,1452.997215,1405.12797,1414.480017,9411204,
06/08/2021,1439.11377,1446.200127,1421.132658,1430.340179,6669635,
09/08/2021,1449.960205,1453.286418,1423.06086,1438.486994,5499024,
10/08/2021,1453.575684,1465.241674,1435.594573,1435.594573,7419173,
11/08/2021,1441.331177,1464.373989,1437.571151,1460.565709,6292893,
12/08/2021,1447.549927,1453.527507,1435.883936,1443.307716,4298837,
13/08/2021,1471.460327,1476.088214,1447.164213,1447.356992,8329214,
16/08/2021,1475.702515,1479.944725,1466.880671,1471.412168,3126389,
17/08/2021,1460.324707,1469.339331,1451.310083,1462.783177,4141333,
18/08/2021,1458.733765,1509.206122,1454.250521,1500.866345,11492966,
20/08/2021,1460.421143,1465.290064,1432.75056,1432.75056,6575203,
23/08/2021,1469.917847,1478.161235,1454.539965,1474.979547,5421527,
24/08/2021,1502.939331,1508.386708,1472.665519,1475.124106,9190657,
25/08/2021,1501.541382,1508.675993,1492.478504,1496.431428,3863987,
26/08/2021,1499.034668,1514.653582,1488.09166,1494.406781,5559501,
27/08/2021,1492.912354,1502.746585,1489.827174,1496.335074,3191069,
30/08/2021,1512.002075,1513.689309,1495.949232,1499.805765,4524583,
31/08/2021,1524.680542,1526.560555,1506.169111,1507.422531,6031288,
01/09/2021,1522.463013,1540.685157,1518.028023,1518.510089,6211279,
02/09/2021,1532.007935,1534.900335,1514.894567,1517.642324,4809262,
03/09/2021,1519.522461,1540.685142,1512.050427,1529.211931,5367667,
06/09/2021,1509.543579,1524.246613,1505.928079,1523.28248,3938448,
07/09/2021,1512.966309,1525.259009,1499.420188,1506.458408,3622748,
08/09/2021,1519.859863,1523.812787,1509.447176,1515.569399,3362040,
09/09/2021,1512.3396,1522.800423,1505.012209,1517.545943,4125474,
13/09/2021,1499.75769,1527.187237,1497.925814,1505.976304,4479582,
14/09/2021,1493.008667,1508.386546,1491.128536,1504.047946,4879253,
15/09/2021,1491.321655,1499.034723,1479.944834,1479.944834,7411499,
16/09/2021,1503.999756,1508.19383,1481.198097,1482.596043,5130275,
17/09/2021,1525.403564,1532.007854,1503.276634,1512.725188,10249051,
20/09/2021,1503.903442,1524.969733,1502.119819,1507.904619,4390805,
21/09/2021,1496.286621,1512.387718,1474.111555,1505.976208,7387498,
22/09/2021,1478.691284,1494.551349,1475.124038,1493.442572,5291101,
23/09/2021,1513.689331,1515.617598,1486.693598,1486.693598,6832152,
24/09/2021,1544.10791,1550.27827,1518.510121,1522.366655,10403351,
27/09/2021,1566.813232,1576.840244,1550.326574,1557.750355,8207731,
28/09/2021,1557.123657,1573.465671,1525.259002,1573.465671,6386895,
29/09/2021,1536.68396,1548.976661,1528.296047,1539.721004,8131518,
30/09/2021,1537.744507,1548.735651,1526.31955,1529.11556,7987674,
01/10/2021,1525.933838,1532.007925,1509.109758,1526.223125,5564298,
04/10/2021,1528.874512,1543.914969,1526.801601,1532.007945,3525514,
05/10/2021,1538.226563,1540.203083,1519.715249,1534.900349,5128589,
06/10/2021,1556.979004,1568.500351,1530.079659,1538.75686,9300415,
07/10/2021,1552.736816,1569.319864,1549.36235,1568.25934,5632862,
08/10/2021,1545.168335,1563.824292,1542.758002,1554.182958,3622781,
11/10/2021,1575.201172,1585.999419,1541.649283,1542.517027,6540424,
12/10/2021,1571.151733,1582.673198,1566.716743,1566.716743,4088473,
13/10/2021,1580.60022,1588.891743,1571.537343,1578.286276,3112822,
14/10/2021,1626.878662,1629.385385,1579.25045,1579.25045,7378644,
18/10/2021,1610.391968,1663.130014,1607.258534,1643.847348,14428228,
19/10/2021,1628.131958,1631.747458,1611.066845,1615.357191,4493770,
20/10/2021,1613.814697,1637.821643,1604.75182,1628.517732,5454284,
21/10/2021,1616.176758,1621.624017,1601.280827,1611.838158,4869095,
22/10/2021,1620.467163,1646.739797,1610.825829,1619.840453,6087777,
25/10/2021,1597.56897,1629.38537,1555.918456,1629.38537,8213383,
26/10/2021,1593.471436,1613.814626,1587.300958,1590.820069,6045328,
27/10/2021,1583.878418,1605.330386,1578.575684,1593.471498,6624821,
28/10/2021,1536.442993,1590.820142,1530.22438,1590.820142,8898875,
29/10/2021,1526.078491,1544.541669,1504.048067,1532.972068,6203437,
01/11/2021,1547.723389,1553.218902,1526.753487,1528.151434,4061160,
02/11/2021,1549.121338,1563.824372,1542.661691,1548.398238,6618861,
03/11/2021,1524.728638,1552.158302,1519.040345,1547.530415,5103669,
04/11/2021,1536.780273,1540.540417,1533.068384,1537.792661,548404,
08/11/2021,1542.854492,1547.144839,1514.123269,1534.996781,9471790,
09/11/2021,1515.858765,1537.407123,1512.773585,1537.407123,6347738,
10/11/2021,1499.468384,1512.725217,1494.406684,1511.761084,6857063,
11/11/2021,1492.767822,1499.131079,1480.523257,1494.455056,3999702,
12/11/2021,1497.299072,1503.132126,1489.634259,1494.406672,7457046,
15/11/2021,1501.396606,1515.472929,1498.64885,1506.072629,4766797,
16/11/2021,1492.478394,1501.348373,1486.307917,1499.227327,4122703,
17/11/2021,1475.895386,1488.621899,1473.677832,1481.776576,3799439,
18/11/2021,1484.18689,1488.139813,1470.544379,1471.315733,4576437,
22/11/2021,1460.99939,1497.009745,1445.284087,1490.550099,7630636,
23/11/2021,1461.192383,1473.003017,1442.680951,1448.128329,5617607,
24/11/2021,1463.602661,1481.246231,1459.746128,1469.339207,15401143,
25/11/2021,1471.219238,1478.305713,1452.948958,1460.469246,5125826,
26/11/2021,1436.462402,1452.659773,1431.738125,1446.200126,9312468,
29/11/2021,1447.405151,1453.575628,1409.562918,1441.186539,6495498,
30/11/2021,1439.981445,1474.159926,1433.232512,1441.379392,12610771,
01/12/2021,1450.68335,1452.997293,1435.691028,1441.379439,4338817,
02/12/2021,1471.026489,1473.967143,1446.200055,1450.538655,5601555,
03/12/2021,1459.264038,1480.86053,1452.997171,1471.074671,4062347,
06/12/2021,1449.863892,1464.325893,1443.64516,1458.733872,3514766,
07/12/2021,1470.978271,1477.052359,1455.745034,1459.649704,6213767,
08/12/2021,1498.070557,1499.275723,1478.980668,1480.908935,7647767,
09/12/2021,1472.087036,1498.938127,1467.411013,1489.77886,5873872,
10/12/2021,1467.941284,1473.195764,1454.34691,1470.206974,3889692,
13/12/2021,1456.950195,1482.49973,1453.141798,1471.267553,5161071,
14/12/2021,1448.562134,1461.626188,1443.355908,1448.610388,4595550,
15/12/2021,1446.200073,1468.712564,1442.006117,1449.092473,5057574,
16/12/2021,1446.296509,1462.590387,1440.415319,1458.541074,6605216,
17/12/2021,1420.216797,1451.984946,1415.058589,1443.307745,7497384,
20/12/2021,1374.516846,1405.706539,1363.381058,1399.921738,10578334,
21/12/2021,1390.087524,1398.716471,1378.710704,1387.869971,4559375,
22/12/2021,1393.365479,1403.778166,1384.206212,1400.210919,4288742,
23/12/2021,1392.304932,1405.513629,1385.314965,1401.126775,4889583,
24/12/2021,1387.291504,1399.921627,1376.782427,1393.65476,2780512,
27/12/2021,1398.764771,1401.84995,1371.142325,1377.650226,2352549,
28/12/2021,1408.406006,1414.287196,1401.271396,1408.309498,2725339,
29/12/2021,1401.705322,1408.5989,1395.486709,1403.826486,3834351,
30/12/2021,1409.080933,1414.239023,1393.172732,1406.188532,3607959,
31/12/2021,1426.338989,1431.545333,1409.080978,1409.080978,3162868,
03/01/2022,1465.145386,1468.375209,1427.399539,1431.738139,4534592,
04/01/2022,1473.726196,1477.920153,1453.720428,1465.482808,4428676,
05/01/2022,1508.724121,1515.617698,1473.292219,1481.68025,7166319,
06/01/2022,1484.524414,1498.986415,1475.172367,1487.657848,4814465,
07/01/2022,1494.937134,1510.556048,1480.812556,1488.622013,5589692,
10/01/2022,1503.228638,1515.617729,1490.068193,1502.119861,4428248,
11/01/2022,1509.736572,1512.436075,1492.285781,1505.542615,4194599,
12/01/2022,1500.818359,1520.101028,1496.335115,1511.761251,10542765,
13/01/2022,1473.195801,1499.227402,1465.868411,1499.227402,20981948,
14/01/2022,1489.730713,1493.153316,1464.518602,1475.124069,5604484,
17/01/2022,1466.928955,1500.191557,1464.663265,1475.124089,11494686,
18/01/2022,1474.400879,1495.274389,1468.375046,1478.016379,6170576,
19/01/2022,1463.988281,1484.524369,1459.071225,1478.980602,7158813,
20/01/2022,1454.877319,1473.677921,1446.296508,1473.629667,7598923,
21/01/2022,1467.025391,1474.931355,1432.316587,1446.200132,5768847,
24/01/2022,1433.328979,1466.687972,1414.914055,1455.793218,5934254,
25/01/2022,1434.678711,1441.379391,1392.208589,1406.333166,6797124,
27/01/2022,1422.048584,1431.738172,1383.5315,1397.993502,14308919,
28/01/2022,1410.768066,1433.376945,1407.634633,1424.506966,12462604,
31/01/2022,1432.412964,1438.053238,1414.190937,1419.927483,6421273,
01/02/2022,1443.307617,1462.590284,1420.60223,1454.395151,7369742,
02/02/2022,1476.281006,1479.94476,1451.599215,1457.721438,6984645,
03/02/2022,1460.99939,1484.717046,1454.877167,1473.9188,5282381,
04/02/2022,1469.339355,1477.871913,1459.794411,1473.581566,5789979,
07/02/2022,1415.492432,1464.51859,1407.634721,1457.866046,6134021,
08/02/2022,1409.418335,1425.422925,1392.738898,1423.446522,6990565,
09/02/2022,1443.886108,1445.910765,1414.383651,1421.132584,5654171,
10/02/2022,1470.399658,1480.426668,1447.79078,1459.697802,7157265,
11/02/2022,1464.373901,1470.303345,1445.717945,1446.441045,5355552,
14/02/2022,1420.843384,1445.66982,1416.601291,1436.558806,7328310,
15/02/2022,1463.361694,1470.207018,1420.216725,1423.060872,6567533,
16/02/2022,1461.385132,1479.703666,1452.948965,1479.317989,5016132,
17/02/2022,1452.466919,1467.410986,1448.128319,1458.830176,3675604,
18/02/2022,1458.107056,1462.590299,1436.992512,1444.561053,3898064,
21/02/2022,1467.507324,1475.798847,1441.909655,1450.056534,3734033,
22/02/2022,1456.516357,1467.507502,1434.582321,1436.366062,4768098,
23/02/2022,1447.067749,1470.978185,1442.006049,1470.399729,4514781,
24/02/2022,1368.490845,1422.04838,1356.680212,1397.896911,11815383,
25/02/2022,1403.874634,1413.323188,1381.458532,1388.303856,9159327,
28/02/2022,1375.095215,1386.954102,1363.332835,1374.854182,12440416,
02/03/2022,1324.960327,1348.244172,1305.822303,1336.770961,19252780,
03/03/2022,1321.826904,1342.073706,1314.017447,1331.468238,8763961,
04/03/2022,1317.488281,1336.288882,1288.949956,1311.221414,10609682,
07/03/2022,1277.283936,1284.563072,1250.529235,1271.209848,13527229,
08/03/2022,1280.176392,1286.153972,1245.660368,1255.494482,19606246,
09/03/2022,1321.971436,1325.394038,1271.547215,1282.297326,11567347,
10/03/2022,1342.748413,1375.818233,1330.745,1375.818233,11136603,
11/03/2022,1346.701538,1358.415664,1323.46583,1338.217117,7575390,
14/03/2022,1390.810547,1397.993293,1364.248627,1364.248627,12509063,
15/03/2022,1372.925903,1397.511304,1361.11527,1391.726504,9433964,
16/03/2022,1396.209717,1402.814007,1384.688253,1395.10094,6682054,
17/03/2022,1426.965698,1436.365999,1417.806431,1419.204377,7411977,
21/03/2022,1433.184204,1440.077781,1419.975624,1433.666271,6128938,
22/03/2022,1440.559937,1444.271827,1404.935137,1428.170846,5230907,
23/03/2022,1426.194214,1464.325734,1420.746837,1452.948914,15594128,
24/03/2022,1390.906982,1416.938583,1383.097526,1413.419472,10080022,
25/03/2022,1379.578369,1399.921558,1368.105159,1398.957425,8183231,
28/03/2022,1381.410278,1386.423725,1351.329248,1379.578401,7877443,
29/03/2022,1399.728882,1407.875762,1378.710727,1389.316194,6188724,
30/03/2022,1423.976685,1429.568705,1401.898125,1419.204272,10054871,
31/03/2022,1417.613525,1431.448816,1413.323179,1418.240236,7147857,
01/04/2022,1451.984863,1455.841397,1417.565349,1423.446539,7284278,
04/04/2022,1597.376099,1660.333933,1506.506535,1523.330614,48725485,
05/04/2022,1550.567505,1606.921054,1544.541671,1606.921054,15461291,
06/04/2022,1495.226318,1532.779386,1491.851851,1530.754612,13513930,
07/04/2022,1462.349365,1486.067024,1459.408711,1486.018888,20390866,
08/04/2022,1460.324707,1471.026564,1443.597016,1457.86612,20628161,
11/04/2022,1442.488037,1455.84126,1439.692027,1451.984726,10399533,
12/04/2022,1439.933228,1452.804385,1427.06207,1430.77396,13717701,
13/04/2022,1412.407104,1448.417579,1410.189668,1436.558692,14446260,
18/04/2022,1345.39978,1380.301477,1340.193555,1367.960523,22810188,
19/04/2022,1294.059814,1339.711626,1279.405034,1331.371848,37048011,
20/04/2022,1305.725952,1311.125076,1287.455553,1305.870478,24662868,
21/04/2022,1325.056763,1330.311361,1304.761825,1316.042139,26223135,
22/04/2022,1306.979248,1326.020883,1300.760635,1311.221459,10329574,
25/04/2022,1316.765137,1321.489414,1274.825336,1301.580036,10467744,
26/04/2022,1322.839355,1332.384183,1308.473743,1322.791102,8508421,
27/04/2022,1323.321411,1329.540025,1307.461345,1311.221489,9027167,
28/04/2022,1322.164307,1329.539951,1313.246073,1322.791017,10386861,
29/04/2022,1334.939087,1354.366399,1322.357217,1330.84152,14200738,
02/05/2022,1353.354004,1356.005371,1313.197942,1313.197942,9747158,
04/05/2022,1307.364868,1353.257594,1301.580068,1349.786737,14527958,
05/05/2022,1304.424316,1325.683506,1298.205703,1325.683506,8931456,
06/05/2022,1270.342163,1287.118108,1265.907173,1282.297441,13365634,
09/05/2022,1272.511353,1278.922863,1249.034729,1253.373329,16381217,
10/05/2022,1292.951172,1304.472519,1267.883703,1267.883703,10056906,
11/05/2022,1300.230347,1306.400824,1280.995931,1304.472557,8551462,
12/05/2022,1270.921143,1294.085546,1261.118895,1288.526018,11191145,
13/05/2022,1259.509644,1285.502568,1255.266924,1277.748636,8384119,
16/05/2022,1272.920532,1279.650425,1253.608806,1266.970962,4902178,
17/05/2022,1281.601196,1284.527226,1266.190723,1280.235692,8320722,
18/05/2022,1281.503662,1300.425347,1277.699799,1291.403421,7866192,
19/05/2022,1255.315674,1264.43511,1246.78142,1254.486537,10268753,
20/05/2022,1288.379761,1291.549627,1260.484965,1270.872395,6959675,
23/05/2022,1271.847778,1297.157892,1267.068572,1281.601212,9743160,
24/05/2022,1286.429077,1292.329952,1264.922827,1267.946368,6435398,
25/05/2022,1296.036377,1303.009987,1290.574359,1297.206741,6443556,
26/05/2022,1333.001709,1337.195733,1306.960089,1309.057101,13496214,
27/05/2022,1357.726807,1360.311371,1336.951945,1337.976103,12015859,
30/05/2022,1366.992554,1385.475263,1363.968894,1375.477993,6312337,
31/05/2022,1354.703125,1370.162413,1345.973849,1361.481833,6742694,
01/06/2022,1360.457764,1365.919663,1345.144919,1345.973938,6045948,
02/06/2022,1350.94812,1353.77664,1344.608388,1353.045132,5737510,
03/06/2022,1346.266479,1366.212203,1342.365106,1363.82266,3478622,
06/06/2022,1344.461914,1352.801147,1327.100875,1342.365021,3086633,
07/06/2022,1329.00293,1340.414519,1320.712511,1328.417747,5126983,
08/06/2022,1333.68457,1346.949217,1323.540975,1339.43912,2993294,
09/06/2022,1343.730469,1347.973308,1323.687235,1328.661462,3655908,
10/06/2022,1317.786499,1334.221012,1310.471423,1326.56459,4577715,
13/06/2022,1293.890503,1297.206694,1276.041791,1290.964473,5446286,
14/06/2022,1279.650513,1293.30532,1272.823109,1278.919005,5935178,
15/06/2022,1275.212646,1283.356859,1266.38586,1269.555726,5905235,
16/06/2022,1249.70752,1287.989747,1246.488839,1277.699827,6084596,
17/06/2022,1257.949097,1266.971023,1240.246591,1243.562782,7361961,
20/06/2022,1289.550293,1292.329998,1262.240678,1272.530479,7968420,
21/06/2022,1303.595215,1320.614909,1291.403423,1303.936561,6610342,
22/06/2022,1297.450562,1303.985315,1290.574343,1299.401248,4079849,
23/06/2022,1302.229736,1314.762875,1285.990245,1297.694366,7686122,
24/06/2022,1320.419922,1328.076344,1305.545935,1305.545935,4006716,
27/06/2022,1322.809448,1342.07248,1318.664239,1336.22042,4902082,
28/06/2022,1312.714722,1317.688949,1305.399646,1310.861545,4885287,
29/06/2022,1310.812744,1317.445127,1298.42593,1298.42593,4997023,
30/06/2022,1314.762939,1320.615,1303.058818,1303.058818,6237911,
01/07/2022,1320.371094,1326.46699,1297.255503,1310.812681,5736226,
04/07/2022,1322.224365,1326.662106,1309.154739,1320.322374,4243740,
05/07/2022,1319.24939,1345.339824,1315.055485,1330.368328,7162859,
06/07/2022,1337.439575,1339.536587,1313.885009,1314.762842,7524539,
07/07/2022,1361.384399,1363.530107,1340.560722,1345.973926,8871571,
08/07/2022,1362.652222,1375.234175,1360.360189,1375.234175,6237015,
11/07/2022,1371.479126,1375.136664,1358.897172,1359.62868,3731416,
12/07/2022,1357.48291,1370.60123,1355.142062,1370.60123,4938487,
13/07/2022,1324.369995,1359.823703,1320.858783,1355.727309,7972805,
14/07/2022,1317.737671,1338.805063,1315.982005,1328.417633,5186205,
15/07/2022,1328.466431,1331.246135,1313.592445,1319.639526,6797823,
18/07/2022,1314.324097,1332.416646,1308.959708,1314.762954,10166110,
19/07/2022,1314.811646,1325.052751,1304.034054,1304.034054,7896269,
20/07/2022,1331.392456,1337.293212,1321.834044,1326.369414,10173931,
21/07/2022,1327.198486,1335.732741,1324.613803,1327.003465,6320139,
22/07/2022,1358.165649,1362.554695,1328.807838,1332.31905,6364796,
25/07/2022,1362.164429,1369.967175,1349.192434,1360.603903,5071563,
26/07/2022,1359.384888,1367.431471,1352.118627,1361.57941,4263982,
27/07/2022,1369.772339,1371.332865,1350.119145,1354.654516,4606389,
28/07/2022,1381.915283,1388.889012,1376.209548,1380.159737,8710203,
29/07/2022,1398.837402,1403.128937,1380.403508,1402.543755,10009868,
01/08/2022,1410.492798,1412.736016,1394.789794,1403.519069,6596518,
02/08/2022,1394.984863,1408.981017,1387.962439,1406.445148,7518255,
03/08/2022,1398.252197,1400.349209,1382.061522,1389.815454,5487749,
04/08/2022,1396.594238,1411.029249,1378.111409,1404.494496,6006103,
05/08/2022,1391.86377,1401.519573,1386.10922,1397.667015,4634491,
08/08/2022,1426.000732,1428.390276,1391.912412,1392.790245,7678868,
10/08/2022,1430.145996,1435.217734,1413.321323,1425.317975,8676551,
11/08/2022,1449.067627,1454.236995,1438.192643,1449.847949,9150883,
12/08/2022,1448.53125,1452.578949,1439.558019,1448.384925,4425185,
16/08/2022,1465.112061,1471.305467,1451.359743,1457.943311,6281878,
17/08/2022,1472.671021,1475.450725,1449.116454,1463.015097,6192175,
18/08/2022,1474.426514,1476.572341,1462.673698,1463.015044,4171069,
19/08/2022,1456.23645,1474.719159,1453.261605,1472.768473,4031851,
22/08/2022,1434.096191,1451.652373,1431.511507,1448.189975,4117033,
23/08/2022,1429.658447,1439.558088,1414.638135,1417.466654,7483442,
24/08/2022,1436.534546,1439.11923,1423.221084,1425.854583,6727760,
25/08/2022,1428.731812,1450.140671,1421.075389,1443.410778,5911520,
26/08/2022,1428.975586,1445.263892,1425.171723,1435.754294,3853088,
29/08/2022,1403.909302,1410.346544,1393.375546,1401.568454,4326589,
30/08/2022,1449.457764,1453.212812,1407.517999,1410.785375,5067700,
01/09/2022,1435.851807,1452.725176,1423.026017,1428.634242,11201568,
02/09/2022,1448.872681,1453.749398,1429.073161,1435.85187,6019043,
05/09/2022,1458.187256,1462.039815,1447.507174,1449.457861,6065966,
06/09/2022,1452.627686,1469.501174,1449.799166,1461.942263,6119348,
07/09/2022,1445.751587,1453.261684,1435.022809,1435.022809,4888103,
08/09/2022,1460.674194,1463.015042,1445.605187,1453.359119,5582345,
09/09/2022,1461.649536,1471.793131,1457.211795,1459.308688,7564444,
12/09/2022,1456.724121,1466.916412,1453.261605,1463.015038,5540246,
13/09/2022,1475.792114,1478.523123,1461.600939,1461.942285,6500983,
14/09/2022,1490.95874,1500.95601,1455.553727,1457.211882,10109880,
15/09/2022,1483.20459,1502.955293,1474.71915,1492.275331,6769686,
16/09/2022,1455.943848,1477.352587,1446.43425,1466.038628,10280023,
19/09/2022,1465.550903,1476.669841,1443.508167,1452.286257,6038019,
20/09/2022,1483.20459,1486.423271,1472.670953,1476.669837,5390834,
21/09/2022,1480.912598,1483.984953,1467.891787,1470.817817,4536152,
22/09/2022,1449.360229,1472.914795,1446.190364,1464.965723,6024072,
23/09/2022,1410.492798,1438.631429,1401.568382,1436.046746,7903126,
26/09/2022,1391.473633,1401.031926,1383.036889,1390.205639,4461743,
27/09/2022,1378.989258,1404.494512,1372.308179,1397.081926,6319850,
28/09/2022,1355.28833,1375.819235,1351.728303,1371.33268,5908066,
29/09/2022,1348.265869,1367.626411,1344.803472,1361.87198,7205194,
30/09/2022,1386.304321,1396.155266,1331.343744,1344.803531,7890878,
03/10/2022,1378.355225,1382.890595,1366.553593,1375.185359,5770556,
04/10/2022,1417.17395,1422.050667,1390.986004,1394.25338,5769263,
06/10/2022,1401.568481,1426.537249,1398.837472,1423.952565,6274599,
07/10/2022,1395.521362,1399.568942,1385.328952,1394.984876,6648997,
10/10/2022,1380.11084,1390.839617,1363.725024,1373.283436,6554651,
11/10/2022,1366.114746,1382.061587,1364.944263,1366.553603,7260810,
12/10/2022,1375.039185,1379.964597,1362.847392,1368.601823,4612525,
13/10/2022,1359.238525,1371.576643,1349.875253,1367.480248,7357117,
14/10/2022,1403.519043,1411.32179,1380.354639,1382.06149,6424960,
17/10/2022,1410.883057,1421.66053,1391.815045,1399.617793,9205250,
18/10/2022,1408.249512,1426.829851,1404.494464,1422.099459,5280554,
19/10/2022,1422.684692,1440.972381,1417.564139,1427.902756,6483520,
20/10/2022,1413.077515,1417.076399,1406.932804,1408.395819,3949039,
21/10/2022,1403.128906,1421.709245,1398.642351,1416.198531,5246303,
24/10/2022,1425.025513,1426.927385,1418.441945,1418.441945,1083897,
25/10/2022,1415.125732,1431.609059,1409.371183,1425.074187,6886697,
27/10/2022,1418.539429,1431.170078,1415.467073,1428.390373,7968638,
28/10/2022,1422.733276,1430.828674,1411.711968,1414.247837,5237139,
31/10/2022,1459.796387,1461.064381,1431.072572,1435.705453,6415264,
01/11/2022,1475.938354,1491.300013,1461.942201,1466.428757,9536878,
02/11/2022,1476.864868,1490.56849,1474.328999,1479.595877,6360203,
03/11/2022,1470.378906,1482.765719,1460.088986,1460.771679,5166176,
04/11/2022,1460.235352,1478.718061,1452.871461,1466.136108,5409030,
07/11/2022,1471.598145,1474.719196,1455.309839,1472.768509,4917917,
09/11/2022,1471.15918,1480.522452,1466.91646,1477.694052,4634895,
10/11/2022,1487.154785,1489.349308,1458.187135,1460.186517,6387091,
11/11/2022,1571.424438,1596.63704,1500.07805,1506.905453,28361169,
14/11/2022,1575.228394,1587.859043,1558.598741,1572.253549,9597695,
15/11/2022,1579.080933,1583.128631,1565.669961,1583.128631,5515101,
16/11/2022,1592.638306,1601.513907,1572.253604,1578.739662,6789075,
17/11/2022,1578.251953,1591.321579,1574.106744,1578.203138,6050465,
18/11/2022,1574.106812,1582.982413,1565.670067,1581.031726,5229616,
21/11/2022,1557.964722,1572.253526,1550.990993,1568.010806,4172408,
22/11/2022,1555.672607,1564.792044,1551.771234,1560.549324,4273157,
23/11/2022,1559.720337,1565.426072,1554.697295,1565.426072,5092869,
24/11/2022,1585.079346,1591.760424,1559.720417,1566.352681,8598980,
25/11/2022,1577.764282,1591.467786,1574.301766,1589.517099,4205248,
28/11/2022,1560.793213,1567.815637,1554.746132,1563.377897,8052990,
29/11/2022,1558.452393,1572.594872,1553.575676,1557.86721,6319118,
30/11/2022,1568.791016,1573.131365,1557.720892,1557.720892,7592403,
01/12/2022,1579.568604,1596.637113,1575.179558,1582.006962,10223183,
02/12/2022,1567.474365,1578.690814,1565.572493,1570.302885,3905539,
05/12/2022,1573.180054,1574.789394,1556.843052,1570.254024,5796311,
06/12/2022,1571.424438,1573.911493,1560.549336,1561.52468,6176546,
07/12/2022,1570.741699,1578.690772,1564.889639,1574.350541,5837360,
08/12/2022,1579.568604,1585.908335,1565.426125,1570.302841,7401817,
09/12/2022,1590.833862,1594.540096,1580.05627,1585.908331,5981692,
12/12/2022,1603.220581,1612.827689,1581.421682,1584.932894,7217404,
13/12/2022,1607.658447,1616.143887,1604.439767,1609.316483,8515851,
14/12/2022,1621.264526,1624.434392,1609.31657,1612.2426,7113820,
15/12/2022,1591.565308,1628.238193,1586.932427,1616.192727,9091324,
16/12/2022,1599.221802,1604.537376,1569.327503,1580.105095,7323979,
19/12/2022,1604.196045,1606.049221,1586.103377,1603.464537,4802271,
20/12/2022,1593.125977,1596.052007,1580.251372,1580.251372,3587349,
21/12/2022,1577.715332,1604.244742,1566.93786,1600.53839,4634599,
22/12/2022,1572.302368,1587.371376,1569.327523,1582.202008,4873548,
23/12/2022,1558.257324,1564.597056,1546.358064,1547.869894,5346576,
26/12/2022,1589.273315,1598.587893,1550.796064,1560.061827,4953661,
27/12/2022,1590.882568,1595.61296,1573.716549,1592.735745,3963386,
28/12/2022,1589.614746,1592.735797,1583.079874,1583.079874,4345935,
29/12/2022,1600.831177,1602.976885,1571.278224,1580.153825,5506448,
30/12/2022,1588.005371,1604.439883,1580.056299,1604.439883,3561320,
02/01/2023,1588.541626,1599.319217,1578.641986,1586.88359,2190689,
03/01/2023,1598.929199,1602.489226,1582.202036,1582.202036,4189015,
04/01/2023,1570.351563,1605.171271,1567.376718,1594.686331,5175800,
05/01/2023,1560.256836,1578.154483,1550.21087,1575.179638,5470718,
06/01/2023,1555.087524,1569.425025,1539.28689,1562.50011,4546231,
09/01/2023,1558.110962,1571.814583,1550.795887,1556.647947,5364670,
10/01/2023,1529.631104,1560.549442,1526.412423,1560.549442,8185883,
11/01/2023,1551.673828,1558.598742,1521.535693,1529.289626,7597899,
12/01/2023,1559.964233,1564.353279,1545.090247,1548.650274,4625035,
13/01/2023,1561.183472,1570.205398,1546.894667,1559.330295,4622273,
16/01/2023,1546.211914,1581.324276,1541.335197,1575.179565,7374047,
17/01/2023,1569.22998,1571.278178,1538.604175,1550.600946,5393177,
18/01/2023,1596.929688,1601.123592,1560.256683,1565.42605,9545321,
19/01/2023,1603.562012,1609.316561,1592.735724,1596.637098,5586081,
20/01/2023,1619.99646,1627.848021,1602.879256,1603.561949,9421702,
23/01/2023,1631.846924,1641.112686,1620.435454,1625.165846,7722200,
24/01/2023,1653.694702,1660.424595,1633.700163,1633.748978,12491970,
25/01/2023,1607.999878,1651.207518,1604.732501,1649.695807,7352071,
27/01/2023,1575.959839,1596.63707,1550.747118,1591.760354,17589974,
30/01/2023,1574.350586,1585.225689,1542.993272,1555.672736,9256411,
31/01/2023,1563.963013,1582.689557,1555.672594,1579.763527,9298122,
01/02/2023,1587.420166,1623.946728,1566.401469,1583.957649,8651395,
02/02/2023,1563.816772,1584.445309,1549.576783,1568.449653,8748553,
03/02/2023,1617.899536,1619.557572,1567.376705,1571.278078,7205550,
06/02/2023,1611.023438,1628.238272,1605.610234,1619.07002,5583836,
07/02/2023,1613.412964,1623.849209,1592.345571,1618.484821,5132294,
08/02/2023,1613.217896,1627.067723,1609.316522,1613.461731,4222413,
09/02/2023,1609.853027,1620.679315,1595.222877,1619.069974,5888668,
10/02/2023,1616.241455,1617.60696,1601.708815,1608.146177,4086058,
13/02/2023,1617.460693,1620.776885,1604.001026,1614.193317,2868472,
14/02/2023,1632.432129,1636.138481,1617.070471,1623.946689,5454296,
15/02/2023,1629.116089,1636.626185,1615.900138,1636.626185,5719356,
16/02/2023,1623.21521,1640.430044,1620.045344,1631.944486,4031250,
17/02/2023,1615.071167,1627.019124,1602.440398,1620.045395,4478135,
20/02/2023,1599.904541,1628.28701,1594.491457,1619.070063,4043353,
21/02/2023,1605.902832,1621.362,1593.71104,1599.5631,6194648,
22/02/2023,1574.39917,1601.464948,1569.376247,1598.587732,5179551,
23/02/2023,1563.719238,1578.934571,1552.844136,1573.228836,13941005,
24/02/2023,1549.771851,1578.008114,1546.114313,1578.008114,8530870,
27/02/2023,1553.624512,1559.574083,1538.409179,1546.797108,7156486,
28/02/2023,1560.159302,1565.718831,1549.528035,1552.746716,9496996,
01/03/2023,1558.647583,1573.228919,1556.404246,1572.253576,7068628,
02/03/2023,1545.382813,1566.352696,1542.993269,1554.69739,8695907,
03/03/2023,1576.057373,1580.056257,1548.845269,1556.648016,7493117,
06/03/2023,1587.176392,1599.026719,1578.154465,1580.056337,13502355,
08/03/2023,1590.346191,1599.075467,1580.056271,1580.056271,10049887,
09/03/2023,1590.492432,1605.366418,1586.883709,1589.760924,10350083,
10/03/2023,1549.479248,1573.960342,1545.919221,1570.741662,13693500,
13/03/2023,1529.874878,1564.255731,1526.363547,1548.747748,13221775,
14/03/2023,1525.778442,1544.553803,1520.85303,1531.532992,16592806,
15/03/2023,1503.881958,1543.871036,1498.712591,1539.09183,18632377,
16/03/2023,1513.635376,1520.657801,1494.274834,1501.053423,10876671,
17/03/2023,1533.873779,1540.262207,1502.028794,1519.097303,11475438,
20/03/2023,1523.242554,1529.43596,1507.295713,1529.289635,13251557,
21/03/2023,1540.505981,1543.480826,1517.829249,1533.190906,16525247,
22/03/2023,1536.946167,1546.943437,1526.705061,1544.943935,7088662,
23/03/2023,1524.608032,1551.137325,1520.121476,1529.094588,14182089,
24/03/2023,1522.169678,1535.092978,1516.610149,1521.535681,15738874,
27/03/2023,1528.802002,1540.506123,1520.462887,1523.681449,15936003,
28/03/2023,1541.237549,1543.871047,1525.534544,1527.09507,19638151,
29/03/2023,1548.650269,1562.500097,1542.895719,1544.943916,19881806,
31/03/2023,1569.864014,1573.180086,1553.136851,1556.257902,17355614,
03/04/2023,1570.839233,1575.862156,1563.231508,1567.913203,20012699,
05/04/2023,1612.974121,1615.168644,1576.154908,1578.690777,21682696,
06/04/2023,1625.263428,1628.043133,1606.488068,1607.902387,22318672,
10/04/2023,1617.558105,1629.798712,1613.217875,1622.239801,15906643,
11/04/2023,1622.288696,1628.238267,1610.389436,1618.094672,21180771,
12/04/2023,1643.356079,1646.574641,1626.677731,1626.872752,13477752,
13/04/2023,1650.719849,1655.206523,1636.77251,1646.672269,17665043,
17/04/2023,1625.55603,1677.590575,1612.53522,1677.590575,16202574,
18/04/2023,1618.67981,1635.894644,1615.558758,1628.823404,14818613,
19/04/2023,1624.629395,1629.116069,1616.29028,1623.946702,12370584,
20/04/2023,1630.676636,1636.08972,1625.312247,1630.481496,16461358,
21/04/2023,1633.310059,1635.602092,1622.239935,1627.848159,10064309,
24/04/2023,1646.525879,1649.74444,1632.822257,1645.40421,17837926,
25/04/2023,1623.117676,1646.08694,1620.923153,1646.08694,25176534,
26/04/2023,1630.579102,1633.700153,1614.193285,1619.070002,13696375,
27/04/2023,1639.552246,1643.697456,1624.77577,1629.31114,23895196,
28/04/2023,1645.98938,1649.305571,1628.823361,1643.16086,13958136,
02/05/2023,1645.648193,1657.108479,1640.52764,1647.062394,16110592,
03/05/2023,1651.40271,1654.182415,1638.235574,1643.404823,14703635,
04/05/2023,1685.198364,1691.684303,1645.501817,1645.501817,28427319,
05/05/2023,1585.567017,1619.996567,1582.1045,1598.587827,31385208,
08/05/2023,1603.90332,1609.65787,1589.809657,1594.686373,18622262,
09/05/2023,1603.952271,1615.16872,1599.51441,1609.219149,21844469,
10/05/2023,1611.364746,1613.851919,1592.833222,1603.95216,23170275,
11/05/2023,1612.437744,1646.379744,1608.585185,1624.09317,17867309,
12/05/2023,1626.677734,1631.554451,1603.70835,1606.390544,11239380,
15/05/2023,1634.480469,1639.308371,1624.044223,1630.774116,9256130,
16/05/2023,1625.108521,1649.27847,1621.852928,1649.27847,16361043,
17/05/2023,1616.377563,1627.772016,1603.454064,1627.772016,15233434,
18/05/2023,1622.839355,1631.668737,1617.906713,1625.798941,24823471,
19/05/2023,1624.713867,1627.772082,1609.570678,1625.799024,15230166,
22/05/2023,1618.942627,1630.632965,1610.705018,1622.839366,14167016,
23/05/2023,1615.144409,1627.377387,1611.444927,1626.785494,11235037,
24/05/2023,1594.032837,1612.727504,1591.862402,1605.624547,16794056,
25/05/2023,1587.91626,1598.225555,1575.831286,1593.93406,14888465,
26/05/2023,1594.032837,1597.18968,1580.665327,1597.18968,13317533,
29/05/2023,1613.467407,1618.893314,1602.960854,1606.561708,10908146,
30/05/2023,1614.700562,1620.521104,1606.611076,1611.592973,18562964,
31/05/2023,1589.149414,1612.924727,1583.032986,1607.94283,21667135,
01/06/2023,1582.391724,1598.077551,1578.44561,1598.077551,25183469,
02/06/2023,1584.858032,1593.046267,1579.432125,1590.727829,8929855,
05/06/2023,1582.786377,1594.723348,1580.862574,1592.750291,9348621,
06/06/2023,1577.85376,1588.162935,1570.800057,1585.99262,16091426,
07/06/2023,1586.04187,1590.82663,1574.499534,1581.849124,12474513,
08/06/2023,1587.02832,1604.095311,1581.651788,1581.651788,18697761,
09/06/2023,1588.902832,1596.696432,1585.351353,1594.131481,9106289,
12/06/2023,1579.234863,1594.032791,1577.902953,1590.826573,6704146,
13/06/2023,1581.898438,1587.324344,1568.678932,1568.678932,13963054,
14/06/2023,1580.171997,1590.283914,1578.64283,1588.754747,10056984,
15/06/2023,1560.737427,1584.315361,1557.728467,1582.391679,17688738,
16/06/2023,1581.158569,1587.52163,1562.66116,1565.768749,7889636,
19/06/2023,1582.539795,1592.503709,1576.817881,1589.297491,12414573,
20/06/2023,1585.844604,1589.297454,1569.221623,1582.539758,10002813,
21/06/2023,1613.56604,1615.193836,1589.297462,1594.230105,12154473,
22/06/2023,1621.458252,1635.220397,1616.969619,1617.906773,28298070,
23/06/2023,1621.359619,1637.538711,1612.036973,1615.489823,10669609,
26/06/2023,1613.516724,1628.511909,1606.758907,1622.83937,8065157,
27/06/2023,1636.256226,1650.363632,1616.4764,1620.81703,16915932,
28/06/2023,1653.569824,1657.269306,1638.130629,1647.50265,29781475,
30/06/2023,1678.479614,1685.779949,1660.574098,1681.044564,20349508,
03/07/2023,1696.631836,1733.823914,1686.963808,1689.430129,22052058,
04/07/2023,1704.918579,1723.465364,1690.712664,1700.232569,19397594,
05/07/2023,1650.758179,1696.829011,1646.072168,1693.129529,18582877,
06/07/2023,1652.435303,1665.11217,1638.03201,1650.462246,26078272,
07/07/2023,1638.031982,1652.435275,1633.98724,1642.56999,9963168,
10/07/2023,1634.135132,1654.161709,1627.476064,1638.623885,19199221,
11/07/2023,1626.193604,1653.421766,1623.332647,1640.596896,25335213,
12/07/2023,1610.95166,1643.852482,1605.229867,1633.049923,35479179,
13/07/2023,1618.991943,1635.121661,1615.983104,1634.381764,20956773,
14/07/2023,1622.346191,1631.323577,1612.97417,1631.323577,12363607,
17/07/2023,1656.282715,1659.340929,1611.001033,1627.772017,24626464,
18/07/2023,1654.901611,1681.044617,1647.502647,1675.125446,40538409,
19/07/2023,1662.39917,1666.000023,1652.435256,1658.453056,16467567,
20/07/2023,1666,1669.206218,1657.367876,1658.502408,28105474,
21/07/2023,1653.175171,1667.035945,1650.70885,1657.367917,21077124,
24/07/2023,1655.789429,1661.955232,1647.601194,1655.888057,16089722,
25/07/2023,1673.744263,1676.111955,1655.789492,1661.955295,27996298,
26/07/2023,1667.923706,1676.703834,1665.260127,1676.703834,12397179,
27/07/2023,1650.610229,1680.058082,1644.986945,1676.999868,29870651,
28/07/2023,1621.359619,1646.417468,1618.991927,1639.117132,20507842,
31/07/2023,1628.955811,1634.480466,1616.624204,1627.821399,17282503,
01/08/2023,1639.857056,1644.986956,1627.772081,1632.162085,17697094,
02/08/2023,1618.400024,1629.251838,1611.149064,1619.879817,14058161,
03/08/2023,1606.709717,1629.103866,1601.135807,1617.906792,28836973,
04/08/2023,1629.942383,1634.184504,1607.301601,1613.122144,18694152,
07/08/2023,1629.005249,1640.695588,1625.355142,1640.695588,14150459,
08/08/2023,1627.673462,1633.296626,1619.929237,1629.449141,21886914,
09/08/2023,1628.265259,1632.211373,1609.126582,1630.73158,16680618,
10/08/2023,1613.812622,1631.964771,1609.027983,1624.861814,25390559,
11/08/2023,1596.992432,1616.328367,1594.427361,1616.328367,14112911,
14/08/2023,1589.198853,1593.243595,1578.692299,1589.297481,15652205,
16/08/2023,1584.562012,1587.965607,1559.997549,1561.773228,17068771,
17/08/2023,1575.782104,1588.21234,1572.526512,1576.077991,26442020,
18/08/2023,1569.32019,1574.795472,1564.140916,1566.163347,12816683,
21/08/2023,1568.087036,1578.93885,1565.620715,1578.93885,10918635,
22/08/2023,1561.378662,1576.472597,1558.715083,1574.844801,16136785,
23/08/2023,1565.226074,1569.122934,1552.055943,1558.71501,18249294,
24/08/2023,1558.024536,1574.696772,1554.916947,1571.835935,21572896,
25/08/2023,1540.464233,1556.248689,1537.406019,1553.338478,15034878,
28/08/2023,1556.495361,1561.329375,1540.464273,1540.464273,14433619,
29/08/2023,1568.876343,1571.194661,1560.145469,1568.284329,17769466,
30/08/2023,1557.432495,1582.34234,1552.499853,1582.34234,14042102,
31/08/2023,1550.280151,1561.822607,1542.042663,1557.72849,50037886,
01/09/2023,1553.48645,1557.728571,1538.343261,1549.836343,21613388,
04/09/2023,1563.203857,1570.010808,1553.683833,1568.58039,12536819,
05/09/2023,1553.683838,1567.001973,1549.441717,1567.001973,19356041,
06/09/2023,1574.006226,1578.445604,1553.683763,1555.558191,28160455,
07/09/2023,1589.149414,1592.257003,1565.768737,1574.006226,17104171,
08/09/2023,1601.530396,1610.902416,1585.943197,1586.633839,17251105,
11/09/2023,1609.817261,1614.453897,1602.12229,1606.956304,15786511,
12/09/2023,1614.848511,1620.767682,1603.158172,1617.906725,19516670,
13/09/2023,1621.754272,1629.350494,1606.660338,1609.324037,23210047,
14/09/2023,1620.7677,1627.772028,1613.07273,1622.09949,11769424,
15/09/2023,1639.36377,1647.50263,1627.772059,1627.772059,86705601,
18/09/2023,1607.10437,1632.704738,1604.194039,1631.471577,18528144,
20/09/2023,1542.634644,1577.459149,1539.379172,1577.459149,57737324,
21/09/2023,1532.424072,1547.813893,1516.343729,1532.078811,36420721,
22/09/2023,1509.043335,1543.3252,1503.222793,1537.997922,30852125,
25/09/2023,1510.375122,1519.9444,1504.455951,1504.455951,20104377,
26/09/2023,1516.935547,1519.253865,1504.455937,1504.455937,13787654,
27/09/2023,1506.281006,1511.854916,1494.590667,1502.482895,19669269,
28/09/2023,1503.173462,1516.886232,1497.895558,1513.334754,27677094,
29/09/2023,1505.738525,1514.765165,1501.792411,1503.173455,16026891,
03/10/2023,1487.734375,1506.429042,1485.711943,1506.429042,19485847,
04/10/2023,1508.944702,1514.321234,1469.187556,1474.860095,27324715,
05/10/2023,1515.061157,1530.648356,1511.953568,1514.370635,24256337,
06/10/2023,1513.384155,1524.186595,1509.240663,1523.200066,8879678,
09/10/2023,1495.823853,1509.38862,1491.631106,1507.415563,8227486,
10/10/2023,1504.307983,1508.402101,1494.787959,1500.065983,16633146,
11/10/2023,1518.859253,1521.374949,1507.908811,1509.487232,15666680,
12/10/2023,1528.971191,1531.092252,1510.967046,1515.406424,11012668,
13/10/2023,1515.061157,1527.935402,1509.339244,1519.253903,19872650,
16/10/2023,1508.994019,1513.778658,1500.016633,1510.868447,8928042,
17/10/2023,1520.437744,1534.791783,1514.321315,1534.791783,16451279,
18/10/2023,1499.276733,1520.437722,1497.648937,1520.437722,15608100,
19/10/2023,1494.541382,1505.689203,1482.949671,1485.120106,15126182,
20/10/2023,1502.285645,1506.429016,1484.725389,1484.725389,10547005,
23/10/2023,1485.761353,1508.155502,1479.891435,1502.976227,11188068,
25/10/2023,1476.339966,1502.285715,1471.357949,1500.509915,14155998,
26/10/2023,1443.685913,1471.900606,1440.578324,1471.160709,27780899,
27/10/2023,1449.358398,1458.089152,1447.138709,1449.703659,15970266,
30/10/2023,1465.093506,1469.878145,1442.206092,1443.537881,11655491,
31/10/2023,1456.609375,1483.73891,1454.143054,1483.73891,16317412,
01/11/2023,1454.636353,1457.546564,1442.551378,1442.551378,16938733,
02/11/2023,1456.855957,1470.420724,1447.385308,1464.994817,22612577,
03/11/2023,1463.761719,1471.308686,1461.690033,1467.954465,9047670,
06/11/2023,1474.366821,1477.819671,1463.021744,1477.819671,12796865,
07/11/2023,1467.214478,1473.873545,1457.299818,1473.873545,20976424,
08/11/2023,1471.456665,1473.330973,1461.048741,1463.958952,15699773,
09/11/2023,1465.636108,1472.492433,1463.515048,1465.981369,11058370,
10/11/2023,1471.407227,1475.846605,1460.111524,1460.160778,7007593,
13/11/2023,1468.743652,1475.797235,1465.882696,1471.999124,10302957,
15/11/2023,1484.133545,1490.595235,1480.335434,1483.837538,20622730,
16/11/2023,1488.030273,1498.536826,1483.492266,1489.362063,14856919,
17/11/2023,1484.824097,1487.191789,1468.941011,1469.92754,11850937,
20/11/2023,1484.922729,1492.6177,1481.321997,1492.6177,9665726,
21/11/2023,1497.500854,1501.496343,1491.729687,1498.536758,12479986,
22/11/2023,1492.173706,1499.523295,1483.29495,1499.523295,14561825,
23/11/2023,1500.805908,1503.321484,1488.178295,1488.178295,6523110,
24/11/2023,1511.460327,1512.49623,1499.375353,1500.707142,8234596,
28/11/2023,1508.056885,1516.541006,1505.245302,1514.518574,14244669,
29/11/2023,1538.145996,1541.944107,1512.348251,1513.23615,17021244,
30/11/2023,1537.800659,1551.266677,1521.374936,1548.011205,34745720,
01/12/2023,1534.446533,1544.65708,1531.190941,1536.912855,11076768,
04/12/2023,1587.718994,1590.283944,1552.4506,1566.60726,25331228,
05/12/2023,1601.826294,1616.920228,1594.723337,1614.453907,26115410,
06/12/2023,1605.871216,1616.377648,1594.871398,1616.377648,19306530,
07/12/2023,1608.485352,1611.987576,1594.42732,1603.108819,10225193,
08/12/2023,1630.928955,1632.704755,1608.485431,1608.485431,16864019,
11/12/2023,1628.758545,1641.287409,1624.812431,1627.821391,11593810,
12/12/2023,1612.579468,1633.937834,1609.866514,1631.915402,18290738,
13/12/2023,1608.929321,1613.960592,1593.342123,1610.458368,14673457,
14/12/2023,1627.920044,1636.601423,1622.839398,1623.825927,17586183,
15/12/2023,1634.233887,1645.52959,1624.417856,1627.772077,69418565,
18/12/2023,1633.395264,1642.274021,1628.709253,1638.327906,9007377,
19/12/2023,1630.633057,1636.305596,1621.902303,1627.7721,12004223,
20/12/2023,1634.677734,1646.466702,1622.296753,1635.664263,17116260,
21/12/2023,1663.977539,1666.986499,1628.018624,1634.677691,18294620,
22/12/2023,1648.341187,1663.188489,1644.641704,1660.919425,24289425,
26/12/2023,1659.784912,1663.237762,1646.072262,1650.708898,9022928,
27/12/2023,1680.354126,1683.510969,1655.986799,1658.847755,13504539,
28/12/2023,1682.27771,1698.210169,1679.071492,1686.273199,22038235,
29/12/2023,1686.223877,1691.797787,1673.152374,1674.138903,12505713,
01/01/2024,1675.223999,1686.125187,1669.206199,1683.017598,7119843,
02/01/2024,1676.210571,1679.860799,1665.950651,1675.914685,14621046,
03/01/2024,1650.363525,1681.735059,1646.466666,1679.07148,14194881,
04/01/2024,1668.071777,1672.11652,1648.193203,1655.39491,13367028,
05/01/2024,1659.538208,1681.932477,1645.62818,1664.421596,15944735,
08/01/2024,1641.040771,1659.686184,1637.637296,1655.888073,8999235,
09/01/2024,1628.265259,1655.197535,1624.565777,1644.690982,12663444,
10/01/2024,1633.641846,1637.58796,1619.287928,1620.86635,8057912,
11/01/2024,1626.785522,1640.498293,1620.866351,1637.637336,9157005,
12/01/2024,1619.090576,1633.691247,1611.592983,1629.745132,9886776,
15/01/2024,1650.264893,1658.255749,1621.458189,1625.502931,14160178,
16/01/2024,1656.529419,1660.968797,1635.762945,1650.462244,12661250,
17/01/2024,1516.787598,1575.288787,1507.810212,1548.849775,85072618,
18/01/2024,1466.129395,1494.590718,1460.111595,1473.873619,80535465,
19/01/2024,1450.838135,1489.904639,1448.618446,1485.662518,54800269,
23/01/2024,1408.12146,1454.833561,1405.803142,1445.264283,57734701,
24/01/2024,1436.286865,1438.802441,1361.65596,1361.65596,43002202,
25/01/2024,1415.569824,1437.717342,1400.278632,1432.932702,49470926,
29/01/2024,1435.053711,1443.093942,1426.322958,1428.542647,32822749,
30/01/2024,1424.84314,1443.488432,1421.488919,1434.955057,20864384,
31/01/2024,1442.84729,1455.080147,1417.444181,1420.10776,32880520,
01/02/2024,1446.596069,1453.748401,1436.434898,1445.313655,16345370,
02/02/2024,1426.668213,1460.900704,1422.62347,1455.129536,22433877,
05/02/2024,1425.385742,1432.340817,1414.731306,1426.520274,19302523,
06/02/2024,1424.645752,1430.170287,1413.300674,1426.076291,20537870,
07/02/2024,1410.686401,1434.215203,1407.43093,1433.425932,27418543,
08/02/2024,1384.148926,1419.565204,1381.63323,1410.587819,34553062,
09/02/2024,1384.691406,1395.148584,1368.315057,1373.395703,28321062,
12/02/2024,1371.274658,1394.606082,1364.714219,1380.794683,17223906,
13/02/2024,1375.664673,1385.431329,1365.700759,1373.198352,28790497,
14/02/2024,1365.404785,1372.754374,1345.180951,1357.463183,45660405,
15/02/2024,1395.000732,1396.431151,1365.700762,1366.34203,20792472,
16/02/2024,1400.771851,1408.466701,1389.476027,1404.717965,16087871,
19/02/2024,1398.009521,1409.749235,1396.135093,1409.749235,17225878,
20/02/2024,1434.708496,1437.618707,1392.781033,1395.937877,28066754,
21/02/2024,1419.762573,1444.277783,1415.668456,1444.277783,22946568,
22/02/2024,1400.426636,1409.552025,1393.175555,1398.650836,25280441,
23/02/2024,1401.462402,1414.58328,1398.897452,1403.386205,14916726,
26/02/2024,1403.139526,1415.520387,1394.507402,1394.507402,11753435,
27/02/2024,1401.018555,1407.480244,1394.014226,1394.50749,16043575,
28/02/2024,1390.41333,1405.01388,1385.086052,1401.018512,12660993,
29/02/2024,1384.494141,1391.39984,1378.476341,1383.211605,26647850,
01/03/2024,1411.475708,1413.448765,1381.139955,1381.139955,17369449,
04/03/2024,1413.399414,1417.641535,1405.112671,1411.672989,17808237,
05/03/2024,1421.439575,1423.560636,1402.498276,1402.843537,18995836,
06/03/2024,1423.166016,1433.277933,1414.238005,1414.238005,21204765,
07/03/2024,1426.618896,1431.502285,1421.982261,1426.027003,24674023,
11/03/2024,1408.56543,1426.470825,1403.830045,1410.735744,25265547,
12/03/2024,1439.887695,1444.277699,1409.995834,1414.681844,32709227,
13/03/2024,1440.726318,1451.77539,1430.565026,1445.75759,31533727,
14/03/2024,1435.842896,1446.25082,1424.843199,1442.403334,26216079,
15/03/2024,1433.080688,1439.641127,1422.820768,1430.466364,71806902,
18/03/2024,1426.56958,1436.38549,1416.457663,1427.506734,10718928,
19/03/2024,1429.825073,1432.834033,1416.161677,1416.161677,18091797,
20/03/2024,1411.771729,1432.094193,1405.457922,1429.529242,21803047,
21/03/2024,1426.27356,1431.699466,1418.923971,1423.165971,14461430,
22/03/2024,1423.412598,1431.206197,1418.381326,1421.587544,22990163,
26/03/2024,1406.197754,1418.578614,1402.991536,1407.973433,28422145,
27/03/2024,1421.291626,1428.443958,1402.103694,1404.372758,31084334,
28/03/2024,1428.394653,1440.824888,1421.291576,1421.291576,27796071,
01/04/2024,1450.690186,1453.945778,1435.990887,1438.358579,12599785,
02/04/2024,1460.210205,1474.712126,1443.537849,1445.412277,20612723,
03/04/2024,1462.331299,1475.501431,1451.578114,1452.268635,22792193,
04/04/2024,1507.020996,1509.388689,1483.738946,1483.738946,44467533,
05/04/2024,1528.675293,1533.558561,1509.536616,1518.267369,29527951,
08/04/2024,1525.765015,1536.271568,1520.783118,1534.002504,10241470,
09/04/2024,1527.688721,1533.903778,1519.549861,1533.903778,10942247,
10/04/2024,1515.653076,1529.020586,1512.298855,1529.020586,13903700,
12/04/2024,1498.487427,1509.240612,1493.06152,1500.509858,20542104,
15/04/2024,1474.564087,1489.658021,1471.949883,1477.375789,11707624,
16/04/2024,1488.918213,1492.519066,1462.281942,1466.967953,10372443,
18/04/2024,1474.564087,1498.388774,1470.963354,1489.460763,17117442,
19/04/2024,1510.671143,1514.271875,1460.308814,1466.523992,17288217,
22/04/2024,1491.828369,1536.41953,1487.981004,1536.41953,21149219,
23/04/2024,1487.290405,1505.935819,1482.99903,1505.738561,13413530,
24/04/2024,1491.335083,1501.249743,1488.720879,1494.590675,11220790,
25/04/2024,1490.397949,1499.227331,1485.958571,1485.958571,17722602,
26/04/2024,1489.460815,1507.415586,1485.268069,1499.326101,12427347,
29/04/2024,1508.895386,1513.778654,1486.254604,1494.590722,18046675,
30/04/2024,1499.621948,1518.760625,1494.492048,1508.599334,26153691,
02/05/2024,1511.608276,1516.294287,1499.868563,1501.496359,16737503,
03/05/2024,1499.128662,1519.84576,1486.895685,1512.5948,15932621,
06/05/2024,1502.137695,1513.828034,1496.711788,1501.496428,14396698,
07/05/2024,1485.859985,1503.51887,1483.886928,1501.447064,14240301,
08/05/2024,1462.676514,1476.783799,1460.40745,1475.797271,20843931,
09/05/2024,1428,1466.721244,1425.829685,1455.080159,23140639,
10/05/2024,1437.900024,1451.949951,1426.800049,1439,13638304,1514.6755
13/05/2024,1455.25,1459.800049,1430.300049,1432,13523601,1507.6191
14/05/2024,1460.949951,1465.5,1450.300049,1452.25,12832571,1499.2073
15/05/2024,1438.5,1459.699951,1435.800049,1459.699951,19465998,1492.3843
16/05/2024,1460.25,1462.550049,1435.5,1446.050049,17472618,1487.5884
17/05/2024,1464.099976,1468,1446.199951,1446.199951,10460095,1483.242
21/05/2024,1458.800049,1469.699951,1450.099976,1450.099976,21884989,1479.5846
22/05/2024,1459.199951,1465.599976,1448.150024,1457.849976,19998139,1476.9523
23/05/2024,1492.599976,1495.650024,1457.050049,1458.650024,20430960,1475.7543
24/05/2024,1517.199951,1519.900024,1486,1487.5,15530103,1475.5321
27/05/2024,1527.699951,1545,1519.050049,1523.349976,14692720,1478.2479
28/05/2024,1530.5,1536.050049,1524.800049,1530.099976,13954452,1485.2935
29/05/2024,1508.300049,1523.849976,1501.25,1518,17573853,1494.7145
30/05/2024,1514.849976,1523.599976,1497.650024,1499.199951,16877675,1503.7103
31/05/2024,1531.550049,1536,1514,1519,37039794,1510.1913
03/06/2024,1572.199951,1599,1550,1599,36318628,1516.3715
04/06/2024,1483.150024,1559,1454,1557,44765620,1528.438
05/06/2024,1551.800049,1559.599976,1482.349976,1494.050049,40815825,1539.0839
06/06/2024,1559.699951,1565.449951,1546.599976,1564.900024,23211435,1542.9158
07/06/2024,1573.349976,1584.349976,1552.050049,1561.050049,18356108,1548.6373
10/06/2024,1561.300049,1580.650024,1557.599976,1574,11227029,1554.343
11/06/2024,1564.800049,1571,1552.199951,1556,14772663,1560.6582
12/06/2024,1574.150024,1588.300049,1566.400024,1575,19640218,1565.222
13/06/2024,1580.75,1585.699951,1574,1581.75,12060096,1570.0544
14/06/2024,1596.900024,1599,1577.699951,1584,12770277,1575.1139
18/06/2024,1607.800049,1610.5,1589.449951,1596.900024,16207857,1580.0363
19/06/2024,1657.849976,1669.900024,1604,1613.400024,45065598,1585.5397
20/06/2024,1669.349976,1681.449951,1652,1669.800049,20704371,1592.2512
21/06/2024,1665.75,1672.849976,1643.150024,1672.849976,25815388,1603.8156
24/06/2024,1672.400024,1675.099976,1645.75,1647,14272497,1617.2223
25/06/2024,1711.349976,1716.949951,1671.099976,1671.099976,37260774,1628.3253
26/06/2024,1701.5,1710.900024,1691.099976,1707.949951,23798333,1639.3367
27/06/2024,1696.150024,1713,1686.599976,1696.099976,27537325,1652.4003
28/06/2024,1683.800049,1706.599976,1679,1697.599976,13238023,1664.3124
01/07/2024,1705.199951,1707.300049,1680,1680,10593512,1674.7188
02/07/2024,1730.599976,1734.900024,1702.75,1715,22960845,1681.8134
03/07/2024,1768.650024,1794,1764.650024,1791,61608901,1689.5029
04/07/2024,1727.150024,1759.75,1724.849976,1759.75,22924329,1703.2992
05/07/2024,1648.099976,1685,1642.199951,1685,41121274,1716.2733
08/07/2024,1635.349976,1654.949951,1627.150024,1645.300049,19543900,1721.2822
09/07/2024,1636.5,1646.699951,1620.349976,1625,24275439,1718.2585
10/07/2024,1626.099976,1640,1620.75,1629.949951,22753591,1709.3591
11/07/2024,1621.900024,1625.849976,1601,1623.949951,22088537,1698.3928
12/07/2024,1622.699951,1638.400024,1611.150024,1622,28024980,1686.6499
15/07/2024,1622.099976,1629.800049,1615.199951,1623.5,16687847,1675.3523
16/07/2024,1619.75,1627,1616.800049,1620.75,14475162,1665.4395
18/07/2024,1614.800049,1623.949951,1599.150024,1608,16858532,1656.9595
19/07/2024,1607.300049,1623,1603.5,1616,13001076,1648.9971
22/07/2024,1642.550049,1651,1612.650024,1617,26872411,1642.7802
23/07/2024,1618.400024,1647.800049,1605,1647.550049,26001076,1638.1744
24/07/2024,1604.050049,1621,1588.050049,1608.150024,30864103,1637.4982
25/07/2024,1616.599976,1625,1593,1593,12767866,1635.6937
26/07/2024,1618.150024,1621.75,1596.449951,1605,21905270,1632.3242
29/07/2024,1605.050049,1631.849976,1598.300049,1615,25500574,1629.4348
30/07/2024,1615.550049,1634.75,1599,1602,27297917,1627.8652
31/07/2024,1615.75,1627.900024,1609.199951,1614,18910242,1626.0576
01/08/2024,1638.800049,1650.050049,1617.949951,1622.900024,13107587,1625.3484
02/08/2024,1659.150024,1670.5,1631,1631,22059619,1626.0343
05/08/2024,1615.75,1646,1601,1640.099976,20666817,1628.117
06/08/2024,1601.199951,1632.949951,1593.300049,1630,22558025,1631.5665
07/08/2024,1623.5,1630,1602.199951,1617,21173132,1634.6101
08/08/2024,1642.699951,1653.300049,1619.25,1624,16988475,1636.1002
09/08/2024,1650.199951,1662.550049,1645.800049,1652,13322309,1637.2158
12/08/2024,1660.099976,1675.949951,1647.349976,1652,19658098,1640.3584
13/08/2024,1603.199951,1632.400024,1601.150024,1628,27027521,1644.2622
14/08/2024,1607.800049,1613.699951,1603.199951,1606.5,16167214,1646.221
16/08/2024,1632.099976,1634.150024,1611,1628.5,13924623,1645.1718
19/08/2024,1631.550049,1637.650024,1623.699951,1637.650024,9751082,1644.4415
20/08/2024,1637.699951,1646,1627.449951,1627.449951,15567247,1644.6176
21/08/2024,1625.800049,1634.550049,1617.800049,1628.099976,23815452,1644.3865
22/08/2024,1631.300049,1638.300049,1628,1632,10650319,1644.0424
23/08/2024,1625.050049,1634,1623,1634,10166711,1643.9873
26/08/2024,1639.949951,1647.949951,1632.199951,1632.199951,11182133,1644.2524
27/08/2024,1637.75,1647.400024,1632.199951,1643.400024,17886622,1644.5162
28/08/2024,1637.099976,1639.75,1630.199951,1637.75,13460594,1645.7178
29/08/2024,1638.550049,1644.400024,1631.150024,1642,24526302,1646.8213
30/08/2024,1636.900024,1662,1621.150024,1656,222671050,1648.164
02/09/2024,1626.949951,1646.800049,1623.199951,1646.800049,17024840,1650.702
03/09/2024,1637.349976,1639.949951,1624.599976,1634,18641430,1652.8575
04/09/2024,1641.800049,1644.800049,1632,1639,12341372,1653.5612
05/09/2024,1645.449951,1649.900024,1642,1646,11438159,1653.8542
06/09/2024,1636.949951,1647.75,1634.099976,1638.300049,13014801,1654.4536
09/09/2024,1646.5,1648.5,1630.099976,1638,11896457,1654.4855
10/09/2024,1650.349976,1654,1638,1654,13303323,1654.1996
11/09/2024,1643.900024,1652.5,1639.199951,1650.400024,11113342,1655.1199
12/09/2024,1666.599976,1670,1647.050049,1654,16212023,1656.2708
13/09/2024,1665.949951,1674,1657.050049,1674,11930266,1657.7836
16/09/2024,1670.949951,1677.800049,1664.050049,1667,7586410,1661.0691
17/09/2024,1668.800049,1678,1664.150024,1678,10063561,1664.3969
18/09/2024,1694.800049,1698.900024,1671.099976,1671.849976,20458671,1668.444
19/09/2024,1708.5,1719,1699.150024,1699.199951,15325888,1671.972
20/09/2024,1741.199951,1744.949951,1707.550049,1716.5,30311693,1677.2799
23/09/2024,1759.800049,1766.349976,1740.25,1749,13482675,1684.5068
24/09/2024,1768.050049,1781.650024,1754.25,1765,16519518,1694.9468
25/09/2024,1779.099976,1788,1760.150024,1760.150024,15982656,1707.5612
26/09/2024,1783.449951,1788,1768.050049,1773.050049,15949822,1719.8217
27/09/2024,1752.650024,1778.199951,1750,1777,17806751,1731.9602
30/09/2024,1732.050049,1751.449951,1724.400024,1748.800049,13191767,1743.2263
01/10/2024,1726.199951,1742,1720.099976,1724,12286142,1750.4845
03/10/2024,1682,1726.150024,1673.349976,1715.650024,24236699,1752.7776
04/10/2024,1657.650024,1690.650024,1653,1674.5,24341616,1751.4166
07/10/2024,1617.800049,1659,1613,1652.199951,47229148,1744.5319
08/10/2024,1651.050049,1656.800049,1622,1630,14867203,1733.3911
09/10/2024,1633.150024,1656.75,1628.699951,1649.5,20562821,1718.999
10/10/2024,1662.400024,1665.449951,1632.5,1639,10877383,1705.7798
11/10/2024,1651,1664.449951,1643.25,1664.449951,11836297,1693.3849
14/10/2024,1688.099976,1692.050049,1654,1656.050049,9263754,1684.7747
15/10/2024,1684.099976,1698,1675.5,1694,9825565,1678.2627
16/10/2024,1699.800049,1707.949951,1680.099976,1680.099976,10235341,1676.8315
17/10/2024,1673.150024,1697.650024,1665.199951,1694.949951,7347866,1677.1023
18/10/2024,1681.849976,1691,1654.099976,1663.099976,12404862,1679.7045
21/10/2024,1728.699951,1748.150024,1711.050049,1715,23274177,1680.6375
22/10/2024,1714.550049,1740,1710.699951,1730.050049,19437640,1685.1646
23/10/2024,1735.800049,1746.5,1705.050049,1705.050049,19018045,1692.4143
24/10/2024,1749.650024,1768.650024,1738.099976,1738.099976,15416129,1698.3773
25/10/2024,1743.400024,1757.849976,1728.699951,1755,13065239,1706.083
28/10/2024,1734.199951,1751,1728.900024,1742,11006071,1715.4117
29/10/2024,1751.849976,1764,1725.099976,1726.150024,17897463,1723.6344
30/10/2024,1734.599976,1754.75,1724.199951,1742,16357862,1729.1847
31/10/2024,1735.699951,1738.900024,1719.400024,1728,11447956,1734.1697
01/11/2024,1737.300049,1744.099976,1726.099976,1733,879846,1737.064
04/11/2024,1714.099976,1745,1710.900024,1745,14044624,1739.006
05/11/2024,1757.849976,1762.699951,1697.900024,1703,22116203,1741.2323
06/11/2024,1755.25,1771.5,1745.349976,1771.5,13893955,1739.6893
07/11/2024,1746.550049,1760.949951,1738,1744.300049,9447728,1742.314
08/11/2024,1754.449951,1761.800049,1745.849976,1752,9951493,1744.3293
11/11/2024,1766.300049,1782.800049,1751.199951,1754.550049,12282681,1746.653
12/11/2024,1718.199951,1775,1708.650024,1772,15697703,1749.1241
13/11/2024,1681.349976,1729.400024,1673,1716.75,17864250,1752.9749
14/11/2024,1692.75,1704.849976,1672.099976,1673.099976,13573235,1752.3491
18/11/2024,1705.099976,1718.900024,1695,1700,13540984,1745.7474
19/11/2024,1742.25,1753.75,1702.699951,1714,25490636,1738.8708
21/11/2024,1741.199951,1759,1734.199951,1749.400024,17858256,1733.4828
22/11/2024,1745.599976,1754.300049,1729.550049,1743.550049,12386806,1732.4136
25/11/2024,1785.599976,1803.550049,1764.900024,1785.050049,213868637,1733.2314
26/11/2024,1785.550049,1810,1769.800049,1810,15467783,1738.732
27/11/2024,1812.300049,1817.349976,1785.150024,1789.900024,16357488,1748.4203
28/11/2024,1793.150024,1836.099976,1788,1819,17861196,1757.78
29/11/2024,1796.050049,1804.599976,1782.900024,1801.300049,13834768,1768.8228
02/12/2024,1804.699951,1808.150024,1775,1803.5,7555438,1778.1196
03/12/2024,1826.300049,1837.400024,1816.099976,1822.699951,21705121,1785.8918
04/12/2024,1860.099976,1865,1831.150024,1838,22334542,1793.7748
05/12/2024,1865.75,1879.949951,1835.199951,1860,19841357,1802.2488
06/12/2024,1855.849976,1864.199951,1844,1857,8891578,1812.1632
09/12/2024,1870,1880,1849,1853.650024,13473956,1821.6049
10/12/2024,1868.099976,1877.699951,1858.550049,1877.699951,6662740,1829.6432
11/12/2024,1863.099976,1871.900024,1856.75,1861.699951,7022713,1838.3192
12/12/2024,1859.25,1868.650024,1848.699951,1851,8646895,1844.9731
13/12/2024,1871.75,1875,1829.25,1862.5,9504501,1849.0101
16/12/2024,1865.199951,1869.949951,1855.25,1865.099976,6553541,1852.2704
17/12/2024,1833.25,1862.349976,1826.5,1856.349976,10539766,1854.9305
18/12/2024,1810.699951,1836,1807.150024,1829.849976,11711156,1856.1967
19/12/2024,1793.5,1801.099976,1779,1799.599976,12690385,1854.2365
20/12/2024,1771.5,1797.550049,1767.050049,1782.199951,12846174,1848.091
23/12/2024,1801,1806,1781.300049,1782,5522296,1838.7616
24/12/2024,1798.099976,1808.699951,1789.550049,1802.050049,7242917,1828.5359
26/12/2024,1790.75,1812,1780.75,1798.550049,5240839,1820.471
27/12/2024,1798.25,1805.949951,1789.099976,1794.800049,3629665,1813.9335
30/12/2024,1777.900024,1815,1771,1792.199951,11111109,1808.5664
31/12/2024,1772.849976,1781.800049,1765.599976,1770.300049,7058618,1804.1637
01/01/2025,1782.75,1794,1761.099976,1773.449951,3656903,1798.8219
02/01/2025,1793.75,1803.449951,1773,1777.099976,9279288,1793.8479
03/01/2025,1749.199951,1795.25,1746.300049,1791,12213097,1789.8413
06/01/2025,1710.5,1757.199951,1705.800049,1740.099976,9408174,1787.9573
07/01/2025,1713.400024,1721,1700,1715,6763953,1782.9391
08/01/2025,1694.300049,1711.650024,1683.349976,1708.25,9869095,1774.7109
09/01/2025,1667.800049,1689,1658.099976,1684.150024,20210111,1764.9386
10/01/2025,1656.75,1674.900024,1654,1671,8726640,1753.1029
13/01/2025,1630.849976,1646.75,1624.300049,1640,10834533,1740.1373
14/01/2025,1646.599976,1656.199951,1637,1639.900024,13330716,1725.0867
15/01/2025,1643.050049,1662.699951,1636.300049,1656.5,7011446,1710.3201
16/01/2025,1652.050049,1660.550049,1642.849976,1652.849976,10606227,1698.4135
17/01/2025,1636.75,1650.5,1628.5,1643.5,11556038,1688.7983
20/01/2025,1651.25,1660.949951,1626,1626,8778809,1680.5758
21/01/2025,1642.400024,1661.050049,1633.050049,1658.25,15579072,1672.4438
22/01/2025,1666.050049,1671.900024,1625.449951,1642.400024,15309653,1667.8945
23/01/2025,1640.235476,1649.25637,1615.748187,1626.73273,5522296,1664.3075
24/01/2025,1638.034567,1646.160461,1611.571369,1621.751821,7242917,1665.4663
27/01/2025,1635.833658,1643.064553,1607.394551,1616.770912,5240839,1666.7491
28/01/2025,1633.632749,1639.968645,1603.217733,1611.790002,3629665,1666.5209
29/01/2025,1631.43184,1636.872736,1599.040916,1606.809093,11111109,1666.0311
30/01/2025,1629.230931,1633.776828,1594.864098,1601.828184,7058618,1667.781
31/01/2025,1627.030022,1630.680919,1590.68728,1596.847274,3656903,1671.0374
03/02/2025,1624.829113,1627.585011,1586.510462,1591.866365,9279288,1675.3815
04/02/2025,1622.628205,1624.489103,1582.333644,1586.885456,12213097,1678.4536
05/02/2025,1620.427296,1621.393194,1578.156827,1581.904547,9408174,1682.2089
06/02/2025,1618.226387,1618.297286,1573.980009,1576.923637,6763953,1689.7408
07/02/2025,1616.025478,1615.201377,1569.803191,1571.942728,3629665,1698.7764
